season;yr;mnth;holiday;weekday;workingday;weathersit;temp;atemp;hum;windspeed;casual;registered;cnt
0,25;0;0,083333333;0;1;0;0,666666667;0,399419962;0,432425651;0,828620051;0,316172805;0,097067449;0,094154909;0,113036493
0,25;0;0,083333333;0;0;0;0,666666667;0,421831171;0,420669143;0,715770694;0,489767727;0,038416422;0,096458393;0,091921047
0,25;0;0,083333333;0;0,166666667;1;0,333333333;0,2278885;0,225241885;0,449638046;0,489314492;0,035190616;0,176936366;0,154808354
0,25;0;0,083333333;0;0,333333333;1;0,333333333;0,232108227;0,252257116;0,607131105;0,315877217;0,031671554;0,20932911;0,179251779
0,25;0;0,083333333;0;0,5;1;0,333333333;0,263392935;0,27264965;0,449313111;0,368302714;0,024046921;0,218543046;0,183612577
0,25;0;0,083333333;0;0,666666667;1;0,333333333;0,23715426;0,277333939;0,532916195;0,17649602;0,025806452;0,218543046;0,184301125
0,25;0;0,083333333;0;0,833333333;1;0,666666667;0,228071865;0,248352947;0,512797943;0,332489265;0,04340176;0,196084077;0,17328437
0,25;0;0,083333333;0;1;0;0,666666667;0,191489288;0,192953707;0,55098509;0,525760499;0,019941349;0,128275266;0,110052789
0,25;0;0,083333333;0;0;0;0,333333333;0,160541137;0,138156205;0,446444216;0,713253971;0,015835777;0,110567233;0,094330962
0,25;0;0,083333333;0;0,166666667;1;0,333333333;0,175047901;0,179437172;0,496572751;0,439967052;0,01202346;0,184278722;0,151595134
0,25;0;0,083333333;0;0,333333333;1;0,666666667;0,196237061;0,227690464;0,705772751;0,240671734;0,012609971;0,175640656;0,144939178
0,25;0;0,083333333;0;0,5;1;0,333333333;0,200456789;0,190835728;0,616498715;0,600294012;0,007331378;0,163691333;0,133348634
0,25;0;0,083333333;0;0,666666667;1;0,333333333;0,191489288;0,179431226;0,48371928;0,593146692;0,011143695;0,196947884;0,161349552
0,25;0;0,083333333;0;0,833333333;1;0,333333333;0,186696253;0,224062191;0,553034447;0,249373846;0,015835777;0,196803916;0,16307092
0,25;0;0,083333333;0;1;0;0,666666667;0,270792545;0,295056701;0,51285347;0,311279837;0,065102639;0,147710913;0,14321781
0,25;0;0,083333333;0;0;0;0,333333333;0,268859084;0,27853266;0,497429306;0,371323624;0,073607038;0,137201267;0,138168465
0,25;0;0,083333333;1;0,166666667;0;0,666666667;0,20406143;0,210217435;0,552699229;0,382327382;0,03431085;0,127123524;0,114757861
0,25;0;0,083333333;0;0,333333333;1;0,666666667;0,251450967;0,276292193;0,886032905;0,28923291;0,002639296;0,097034264;0,078379619
0,25;0;0,083333333;0;0,5;1;0,666666667;0,339079946;0,354885741;0,762713625;0,410506776;0,0228739;0,226317305;0,189350471
0,25;0;0,083333333;0;0,666666667;1;0,666666667;0,303675318;0,303307424;0,553555784;0,386045879;0,024340176;0,265476533;0,221138398
0,25;0;0,083333333;0;0,833333333;1;0,333333333;0,205996052;0,187696219;0,470008226;0,696094099;0,021994135;0,211344659;0,177071379
0,25;0;0,083333333;0;1;0;0,333333333;0,068623262;0,094030177;0,411311054;0,33888185;0,027272727;0,127843363;0,112577462
0,25;0;0,083333333;0;0;0;0,333333333;0,112017403;0,117540219;0,44886581;0,485946759;0,04398827;0,12035704;0,113151251
0,25;0;0,083333333;0;0,166666667;1;0,333333333;0,11302661;0,140243264;0,505644216;0,312003043;0,025219941;0,191477109;0,162497131
0,25;0;0,083333333;0;0,333333333;1;0,666666667;0,259355412;0,278900126;0,634403085;0,255774313;0,054545455;0,258997984;0,227794354
0,25;0;0,083333333;0;0,5;1;1;0,252417697;0,242122688;0,88688946;0,579056995;0,009970674;0,067952779;0,058067478
0,25;0;0,083333333;0;0,666666667;1;0,333333333;0,226305522;0,261268932;0,706940874;0,224325714;0,004398827;0,059890585;0,049460638
0,25;0;0,083333333;0;0,833333333;1;0,666666667;0,236144589;0,265570296;0,81546838;0,242973379;0,011143695;0,162539591;0,133922424
0,25;0;0,083333333;0;1;0;0,333333333;0,228071865;0,252261873;0,670168638;0,286454382;0,036070381;0,140368557;0,126004131
0,25;0;0,083333333;0;0;0;0,333333333;0,251282688;0,29768485;0,742595373;0,145789151;0,041055718;0,13763317;0,125774616
0,25;0;0,083333333;0;0,166666667;1;0,666666667;0,209864135;0,221489935;0,620822622;0,368878125;0,012316716;0,210048949;0,172251549
0,25;0;0,166666667;0;0,333333333;1;0,666666667;0,223025832;0,278904882;0,853023136;0,104860847;0,013782991;0,189029657;0,156070691
0,25;0;0,166666667;0;0,5;1;0,666666667;0,301740696;0,302554656;0,797343959;0,520841914;0,02111437;0,20932911;0,175120496
0,25;0;0,166666667;0;0,666666667;1;0,333333333;0,216971289;0,211533888;0,450206684;0,547334485;0,017888563;0,214367982;0,177874684
0,25;0;0,166666667;0;0,833333333;1;0,666666667;0,245226984;0,271837421;0,601765553;0,251917874;0,025806452;0,233227757;0,196006426
0,25;0;0,166666667;0;1;0;0,666666667;0,270792545;0,289046446;0,955441645;0,317420186;0,029325513;0,130290815;0,11533165
0,25;0;0,166666667;0;0;0;0,333333333;0,331720955;0,3468574;0,584404113;0,279429239;0,103812317;0,182695076;0,186252008
0,25;0;0,166666667;0;0,166666667;1;0,333333333;0,315280729;0,361112432;0,759211311;0,089481006;0,035190616;0,22919666;0,196465458
0,25;0;0,166666667;0;0,333333333;1;0,333333333;0,256285781;0,23575567;0,553128021;0,713253971;0,018768328;0,211056723;0,175579527
0,25;0;0,166666667;0;0,5;1;0,666666667;0,156421216;0,171582455;0,508774293;0,372123682;0,015542522;0,22343795;0,184186367
0,25;0;0,166666667;0;0,666666667;1;0,333333333;0,167521792;0,177843633;0,449759383;0,43734223;0,013782991;0,214655917;0,17649759
0,25;0;0,166666667;0;0,833333333;1;0,333333333;0,219447884;0,253906547;0,520682776;0,213907221;0,043695015;0,229916499;0,200367225
0,25;0;0,166666667;0;1;0;0,333333333;0,258220403;0,277030691;0,559554756;0,40075237;0,084457478;0,170457817;0,168923571
0,25;0;0,166666667;0;0;0;0,333333333;0,367336802;0,385437676;0,470324936;0,514092653;0,116422287;0,171609559;0,182350241
0,25;0;0,166666667;0;0,166666667;1;0,333333333;0,481624572;0,473720888;0,386460668;0,82352408;0,060997067;0,245465016;0,219531788
0,25;0;0,166666667;0;0,333333333;1;0,333333333;0,30880491;0,302384599;0,323237018;0,574177822;0,041055718;0,241145983;0,208285518
0,25;0;0,166666667;0;0,5;1;0,333333333;0,369354983;0,376027475;0,435452956;0,496176076;0,063929619;0,273106824;0,242712876
0,25;0;0,166666667;0;0,666666667;1;0,333333333;0,505802125;0,509763395;0,519280206;0,453439955;0,075953079;0,319032537;0,284025706
0,25;0;0,166666667;0;0,833333333;1;0,333333333;0,605416013;0,608854127;0,531277121;0,522057766;0,169794721;0,33803628;0,335896259
0,25;0;0,166666667;0;1;0;0,333333333;0,463249724;0,465460651;0,193230848;1;0,15601173;0,15879643;0,187629103
0,25;0;0,166666667;0;0;0;0,333333333;0,331006062;0,329802972;0,419358355;0,439903993;0,187390029;0,168874172;0,207941244
0,25;0;0,166666667;1;0,166666667;0;0,666666667;0,352030425;0,337824178;0,622107969;0,606637331;0,057184751;0,131298589;0,127036952
0,25;0;0,166666667;0;0,333333333;1;0,333333333;0,211476127;0,221231876;0,594116195;0,385610379;0,02170088;0,198099626;0,166398898
0,25;0;0,166666667;0;0,5;1;0,333333333;0,257337231;0,292208549;0,435005656;0,185457856;0,040762463;0,255974662;0,219990819
0,25;0;0,166666667;0;0,666666667;1;0,666666667;0,343116308;0,343908165;0,717111568;0,493624166;0,029325513;0,245752951;0,207367455
0,25;0;0,166666667;0;0,833333333;1;0,666666667;0,422840842;0,416770921;0,732312596;0,682885255;0,035190616;0,193060754;0,167661235
0,25;0;0,166666667;0;1;0;0,333333333;0,327852871;0,3355849;0,553128021;0,367654391;0,124340176;0,222430176;0,225958228
0,25;0;0,166666667;0;0;0;0,333333333;0,398620349;0,417541527;0,699228792;0,246812083;0,203519062;0,245896919;0,275648382
0,25;0;0,166666667;0;0,166666667;1;0,666666667;0,472657071;0,475823407;0,901145501;0,570851471;0,023753666;0,19651598;0,165939867
0,25;0;0,25;0;0,333333333;1;0,333333333;0,309478023;0,313806939;0,550128535;0,426484295;0,040175953;0,246760726;0,212416801
0,25;0;0,25;0;0,5;1;0,333333333;0,388781281;0,380630898;0,462296144;0,606611714;0,067741935;0,273970631;0,244893275
0,25;0;0,25;0;0,666666667;1;0,333333333;0,230173605;0,237999705;0,327334704;0,444867902;0,036070381;0,224877627;0,193366996
0,25;0;0,25;0;0,833333333;1;0,666666667;0,303675318;0,304055436;0,627678149;0,400710988;0,062756598;0,24906421;0,223089282
0,25;0;0,25;0;1;0;0,666666667;0,445841607;0,450446904;0,811482776;0,496333723;0,187683284;0,206881659;0,238352077
0,25;0;0,25;0;0;0;0,666666667;0,43696927;0,435549699;0,975075578;0,676476906;0,033431085;0,070688166;0,069428506
0,25;0;0,25;0;0,166666667;1;0,333333333;0,303758877;0,283579658;0,566893573;0,67266382;0,071554252;0,234379499;0,214826716
0,25;0;0,25;0;0,333333333;1;0,333333333;0,339458283;0,359616409;0,432733162;0,237751324;0,092668622;0,261589404;0,244778517
0,25;0;0,25;0;0,5;1;0,666666667;0,343326366;0,340836441;0,797343959;0,433824732;0,05601173;0,244745177;0,217007115
0,25;0;0,25;0;0,666666667;1;1;0,451556112;0,458639356;0;0,516051417;0,013489736;0,083069392;0,071494147
0,25;0;0,25;0;0,833333333;1;0,666666667;0,367336802;0,362708349;0,667933162;0,459087658;0,072434018;0,24906421;0,226876291
0,25;0;0,25;0;1;0;0,333333333;0,382011844;0,387384409;0,611396401;0,435056349;0,212316716;0,202706594;0,244663759
0,25;0;0,25;0;0;0;0,333333333;0,446051665;0,452007145;0,54230437;0,533248729;0,28797654;0,206593723;0,27736975
0,25;0;0,25;0;0,166666667;1;0,333333333;0,377427707;0,394816957;0,511009769;0,269824598;0,105278592;0,242873596;0,234794583
0,25;0;0,25;0;0,333333333;1;0,666666667;0,368345312;0,378379728;0,674192288;0,363196923;0,084750733;0,254391016;0,235942162
0,25;0;0,25;0;0,5;1;0,666666667;0,423849352;0,436355982;0,798480206;0,400259723;0,094134897;0,269363663;0,251549231
0,25;0;0,25;0;0,666666667;1;0,333333333;0,481624572;0,487971164;0,619966067;0,412993657;0,124340176;0,334005183;0,31489557
0,25;0;0,25;0;0,833333333;1;0,333333333;0,626692214;0,626723162;0,540068895;0,455239101;0,259237537;0,339044054;0,371700711
0,25;0;0,25;0;1;0;0,333333333;0,548355687;0,554795123;0,389888946;0,725505111;0,417595308;0,243737403;0,357700252
0,25;0;0,25;0;0;0;0,333333333;0,385879928;0,387384409;0,48714653;0,409332306;0,307038123;0,205010078;0,283566674
0,5;0;0,25;0;0,166666667;1;0,666666667;0,499537524;0,487260018;0,758242674;0,569072031;0,117595308;0,241289951;0,238352077
0,5;0;0,25;0;0,333333333;1;0,333333333;0,512572722;0,52401486;0,64224473;0,444860019;0,134897361;0,322919666;0,310190498
0,5;0;0,25;0;0,5;1;0,666666667;0,402657871;0,401879662;0,863305913;0,461631685;0,059530792;0,276130147;0,243401423
0,5;0;0,25;0;0,666666667;1;0,666666667;0,330754224;0,32207669;0,828620051;0,480403497;0,048680352;0,244601209;0,214023411
0,5;0;0,25;0;0,833333333;1;0,333333333;0,306576671;0,304808205;0,508997429;0,45466369;0,08797654;0,274978405;0,253614873
0,5;0;0,25;0;1;0;0,333333333;0,308510132;0,306305417;0,405313111;0,412977892;0,287683284;0,218111143;0,286435621
0,5;0;0,25;0;0;0;0,666666667;0,293666811;0,297705067;0,507879692;0,363179187;0,138416422;0,175784624;0,194285059
0,5;0;0,25;0;0,166666667;1;0,333333333;0,306786729;0,306308985;0,310718766;0,418166448;0,065102639;0,260005759;0,232728942
0,5;0;0,25;0;0,333333333;1;0,333333333;0,351063694;0,34832845;0,3230509;0,447315371;0,092961877;0,30348402;0,278287813
0,5;0;0,25;0;0,5;1;0,666666667;0,348162341;0,35361091;0,664953213;0,340690848;0,049266862;0,196947884;0,176268074
0,5;0;0,25;0;0,666666667;1;1;0,311411485;0,306310174;0,944301285;0,428890382;0,052492669;0,216815433;0,193366996
0,5;0;0,333333333;0;0,833333333;1;0,666666667;0,348162341;0,33708568;0,705655527;0,509806626;0,090029326;0,276418082;0,255565756
0,5;0;0,333333333;0;1;0;0,666666667;0,365570458;0,375357952;0,672236504;0,388493348;0,263343109;0,194932335;0,258434703
0,5;0;0,333333333;0;0;0;0,333333333;0,43907101;0,450432634;0,493573265;0,359066572;0,484164223;0,230060466;0,37284829
0,5;0;0,333333333;0;0,166666667;1;0,333333333;0,665376532;0,645655349;0,438303342;0,759801207;0,215249267;0,342787216;0,357470737
0,5;0;0,333333333;0;0,333333333;1;0,666666667;0,480657841;0,473720888;0,660239589;0,764719792;0,048973607;0,234379499;0,20599036
0,5;0;0,333333333;0;0,5;1;0,333333333;0,453577774;0,460946419;0,484147044;0,518388533;0,12111437;0,344802764;0,322240073
0,5;0;0,333333333;0;0,666666667;1;0,333333333;0,507736747;0,515754624;0,619966067;0,31984992;0,16744868;0,369997121;0,360454441
0,5;0;0,333333333;0;0,833333333;1;0,666666667;0,389748012;0,385872926;0,859897172;0,447307488;0,050439883;0,187014109;0,168808813
0,5;0;0,333333333;0;1;0;0,666666667;0,397485339;0,406148917;0,902313625;0,262251632;0,257771261;0,226893176;0,281730549
0,5;0;0,333333333;0;0;0;0,666666667;0,495164605;0,507478927;0,881748072;0,289217145;0,348387097;0,245752951;0,332224007
0,5;0;0,333333333;0;0,166666667;1;0,666666667;0,691278649;0,67216041;0,73722982;0,639404252;0,250733138;0,358911604;0,384209318
0,5;0;0,333333333;0;0,333333333;1;0,666666667;0,583171921;0,586343614;0,760068895;0,541672989;0,075366569;0,255830694;0,233417489
0,5;0;0,333333333;0;0,5;1;0,666666667;0,478723219;0,496236158;0,842331105;0,493862607;0,061290323;0,281169018;0,248106495
0,5;0;0,333333333;0;0,666666667;1;0,333333333;0,542552982;0,550296351;0,555698715;0,218143983;0,155131965;0,394183703;0,374913932
0,5;0;0,333333333;1;0,833333333;0;0,333333333;0,518375428;0,525526343;0,690231362;0,446091636;0,188269795;0,357615894;0,358733073
0,5;0;0,333333333;0;1;0;1;0,49999942;0,505998364;0,913452956;0,67159182;0,035483871;0,097034264;0,091232499
0,5;0;0,333333333;0;0;0;0,333333333;0,529980839;0,530025116;0,493144473;0,598065278;0,456891496;0,314713504;0,429653431
0,5;0;0,333333333;0;0,166666667;1;0,333333333;0,594777333;0,598345099;0,557840617;0,322323007;0,196187683;0,397350993;0,393504705
0,5;0;0,333333333;0;0,333333333;1;0,666666667;0,587040005;0,581829382;0,684661183;0,311295602;0,119941349;0,402389865;0,367684186
0,5;0;0,333333333;0;0,5;1;0,333333333;0,690521977;0,671179313;0,63153419;0,476734264;0,179765396;0,479556579;0,452605003
0,5;0;0,333333333;0;0,666666667;1;0,333333333;0,532882192;0,539771862;0,418594344;0,640949192;0,218475073;0,495824935;0,480720679
0,5;0;0,333333333;0;0,833333333;1;0,666666667;0,390715903;0,382870177;0,750213882;0,432585233;0,051906158;0,216815433;0,19313748
0,5;0;0,333333333;0;1;0;0,666666667;0,533848923;0,53528736;0,913025193;0,45466369;0,428739003;0,370572992;0,463162727
0,5;0;0,333333333;0;0;0;0,666666667;0,675048482;0,656160809;0,83376144;0,37869756;0,501466276;0,357183991;0,480950195
0,5;0;0,333333333;0;0,166666667;1;0,333333333;0,70406201;0,683199825;0,798629306;0,365214804;0,226686217;0,475093579;0,467408768
0,5;0;0,333333333;0;0,333333333;1;0,333333333;0,733075538;0,706488079;0,749786118;0,643396661;0,198826979;0,53584797;0,504934588
0,5;0;0,333333333;0;0,5;1;0,666666667;0,719535505;0,683963296;0,859040617;0,615217267;0,160410557;0,478692773;0,444342437
0,5;0;0,333333333;0;0,666666667;1;0,666666667;0,716634152;0,688466826;0,7206509;0,632377139;0,16686217;0,502303484;0,4656874
0,5;0;0,333333333;0;0,833333333;1;0,333333333;0,59187598;0,591586831;0,470008226;0,473065031;0,257478006;0,535128131;0,527312371
0,5;0;0,333333333;0;1;0;0,333333333;0,548355687;0,551817347;0,517566067;0,463235743;0,576246334;0,481860063;0,609593757
0,5;0;0,416666667;0;0;0;0,666666667;0,524178134;0,533007649;0,783632905;0,209579812;0,33372434;0,318600633;0,384553592
0,5;0;0,416666667;0;0,166666667;1;0,666666667;0,637330895;0,633649108;0,750642674;0,361512071;0,248387097;0,511661388;0,505049346
0,5;0;0,416666667;0;0,333333333;1;0,666666667;0,715667421;0,69221283;0,716794859;0,675255142;0,176832845;0,553987907;0,510787239
0,5;0;0,416666667;0;0,5;1;0,666666667;0,480657841;0,481212897;0,757925964;0,648315247;0,074780059;0,342355312;0,302157448
0,5;0;0,416666667;0;0,666666667;1;0,333333333;0,532882192;0,5255311;0,456726992;0,58209564;0,180058651;0,549812842;0,508721597
0,5;0;0,416666667;0;0,833333333;1;0,333333333;0,556093015;0,563823588;0,606683805;0,449778605;0,262170088;0,534696228;0,528804223
0,5;0;0,416666667;0;1;0;0,333333333;0,603481391;0,609612842;0,55655527;0,316180687;0,472727273;0,446587964;0,540968556
0,5;0;0,416666667;0;0;0;0,333333333;0,613152181;0,617119121;0,649529049;0,147079689;0,41085044;0,422113447;0,497245811
0,5;0;0,416666667;0;0,166666667;1;0,333333333;0,617988156;0,624626589;0,605398458;0,346823315;0,194721408;0,532392744;0,500573789
0,5;0;0,416666667;0;0,333333333;1;0,333333333;0,617988156;0,621623839;0,502999486;0,227939771;0,203519062;0,59156349;0,551182006
0,5;0;0,416666667;0;0,5;1;0,333333333;0,629593567;0,62837735;0,650814396;0,237735559;0,161290323;0,522890872;0,479917374
0,5;0;0,416666667;0;0,666666667;1;0,333333333;0,620889508;0,622387311;0,768637532;0,373755328;0,203812317;0,600201555;0,558182235
0,5;0;0,416666667;0;0,833333333;1;0,666666667;0,594777333;0,587825367;0,887746015;0,354163752;0,202932551;0,491361935;0,471081019
0,5;0;0,416666667;0;1;0;0,666666667;0,604448122;0,595351863;0,948586118;0,265930718;0,264516129;0,360927152;0,391209548
0,5;0;0,416666667;0;0;0;0,666666667;0,65280439;0,637415328;0,891602057;0,301458431;0,463929619;0,427728189;0,522492541
0,5;0;0,416666667;0;0,166666667;1;0,333333333;0,670212507;0,654673111;0,810197429;0,250010346;0,226686217;0,458537288;0,454211613
0,5;0;0,416666667;0;0,333333333;1;0,666666667;0,651837659;0,640422835;0,861611311;0,546550192;0,198826979;0,495968903;0,473146661
0,5;0;0,416666667;0;0,5;1;0,666666667;0,638297625;0,626900354;0,894601542;0,397057519;0,157184751;0,477828966;0,442391554
0,5;0;0,416666667;0;0,666666667;1;0,666666667;0,616053533;0,60737832;0,853041645;0,213243133;0,215542522;0,552836165;0,525017214
0,5;0;0,416666667;0;0,833333333;1;0,333333333;0,62282413;0,629140821;0,739931105;0,246348995;0,266568915;0,577022747;0,564264402
0,5;0;0,416666667;0;1;0;0,333333333;0,699226035;0,680197076;0,644387661;0,237751324;0,662170088;0,510653614;0,666169383
0,5;0;0,416666667;0;0;0;0,333333333;0,701160657;0,683199825;0,770779434;0,291662643;0,462170088;0,443996545;0,534771632
0,5;0;0,416666667;0;0,166666667;1;0,666666667;0,733075538;0,70198455;0,832904884;0,46080601;0,24516129;0,494961129;0,490475098
0,5;0;0,416666667;0;0,333333333;1;0,666666667;0,765957151;0,719248278;0,761782005;0,408092807;0,193255132;0,55182839;0,515492311
0,5;0;0,416666667;0;0,5;1;0,333333333;0,766923881;0,732007287;0,715938303;0,303929548;0,217008798;0,61013533;0,571264632
0,5;0;0,416666667;0;0,666666667;1;0,333333333;0,822049585;0,778560012;0,696658098;0,393411933;0,22228739;0,564209617;0,536722515
0,5;0;0,416666667;0;0,833333333;1;0,333333333;0,791102595;0,75753482;0,672236504;0,474278913;0,25542522;0,548229197;0,536952031
0,5;0;0,416666667;0;1;0;0,333333333;0,761121176;0,728245824;0,750213882;0,453416308;0,586803519;0,39691909;0,546017902
0,5;0;0,416666667;0;0;0;0,333333333;0,774661209;0,732016801;0,841902314;0,421583445;0,690615836;0,350273539;0,549460638
0,5;0;0,416666667;1;0,166666667;0;0,333333333;0,851063114;0,798067775;0,70437018;0,258590281;0,454252199;0,366973798;0,470277714
0,5;0;0,416666667;0;0,333333333;1;0,333333333;0,899419381;0,862631051;0,654670437;0,219383482;0,197360704;0,476389289;0,456965802
0,5;0;0,5;0;0,5;1;0,666666667;0,886847239;0,857379509;0,696229306;0,408092807;0,150439883;0,498272387;0,456047739
0,5;0;0,5;0;0,666666667;1;0,333333333;0,829786913;0,765780786;0,313624679;0,575976968;0,215835777;0,609271523;0,570117053
0,5;0;0,5;0;0,833333333;1;0,333333333;0,719535505;0,698223086;0,364182005;0,498796957;0,263343109;0,635473654;0,609593757
0,5;0;0,5;0;1;0;0,333333333;0,736943622;0,707217064;0,469151671;0,242662027;0,548093842;0,5;0,613036493
0,5;0;0,5;0;0;0;0,666666667;0,752417117;0,733508068;0,670951157;0,273304655;0,494134897;0,463720127;0,563002066
0,5;0;0,5;0;0,166666667;1;0,333333333;0,787233351;0,739518323;0,616966581;0,240206675;0,197360704;0,557875036;0,521918751
0,5;0;0,5;0;0,333333333;1;0,333333333;0,821082855;0,780060792;0,614824679;0,370092007;0,223753666;0,585948747;0,554624742
0,5;0;0,5;0;0,5;1;0,333333333;0,900386112;0,864885788;0,639674036;0,269609804;0,198240469;0,536279873;0,505049346
0,5;0;0,5;0;0,666666667;1;0,666666667;0,938103699;0,900918782;0,584404113;0,295357494;0,165102639;0,482579902;0,449277025
0,5;0;0,5;0;0,833333333;1;0,333333333;0,876208559;0,836360263;0,622107969;0,276973888;0,239002933;0,54290239;0,52627955
0,5;0;0,5;0;1;0;0,333333333;0,841392324;0,806328012;0,673093059;0,3051454;0,507038123;0,466023611;0,569887537
0,5;0;0,5;0;0;0;0,333333333;0,803674737;0,765047045;0,769066324;0,322323007;0,430205279;0,430895479;0,51182006
0,5;0;0,5;0;0,166666667;1;0,333333333;0,736943622;0,715491571;0,508568638;0,601718746;0,253079179;0,598473942;0,576084462
0,5;0;0,5;0;0,333333333;1;0,333333333;0,701160657;0,703471059;0,521422108;0,530645584;0,213196481;0,599481716;0,561280698
0,5;0;0,5;0;0,5;1;0,333333333;0,727272833;0,698961584;0,485004627;0,330885207;0,225513196;0,635041751;0,59444572
0,5;0;0,5;0;0,666666667;1;0,666666667;0,729206294;0,707990049;0,707797429;0,406869072;0,159824047;0,463864094;0,432292862
0,5;0;0,5;0;0,833333333;1;0,333333333;0,753385008;0,713980088;0,756640617;0,281851091;0,253079179;0,573135618;0,555887078
0,5;0;0,5;0;1;0;0,333333333;0,808510712;0,765795057;0,689374807;0,235303855;0,529912023;0,476821192;0,58744549
0,5;0;0,5;0;0;0;0,666666667;0,811412065;0,768045038;0,685518766;0,200999876;0,480645161;0,447019868;0,544411292
0,5;0;0,5;0;0,166666667;1;0,666666667;0,736943622;0,707990049;0,767352185;0,306377017;0,204985337;0,476677224;0,460179022
0,75;0;0,5;0;0,333333333;1;0,666666667;0,790134704;0,758293535;0,792202571;0,337019645;0,226979472;0,584653038;0,554854258
0,75;0;0,5;0;0,5;1;0,333333333;0,851063114;0,825106791;0,727506427;0,339457261;0,193841642;0,553699971;0,517213679
0,75;0;0,5;0;0,666666667;1;0,666666667;0,845260408;0,825111548;0,723221594;0,470584062;0,218768328;0,582205586;0,549690154
0,75;0;0,5;0;0,833333333;1;0,333333333;0,840425594;0,780813561;0,589545501;0,437519583;0,284164223;0,579038295;0,572756484
0,75;0;0,5;0;1;0;0,333333333;0,80657609;0,765032775;0,497000514;0,412977892;0,522580645;0,492369709;0,596970392
0,75;0;0,5;0;0;0;0,333333333;0,789167973;0,758273318;0,527848843;0,186286094;0,563049853;0,487330838;0,608790452
0,75;0;0,5;0;0,166666667;1;0,666666667;0,792069326;0,757530063;0,6769491;0,212011516;0,250439883;0,554851713;0,540280009
0,75;0;0,5;0;0,333333333;1;0,333333333;0,863636416;0,823595308;0,652099743;0,284322207;0,214662757;0,563777714;0,533394538
0,75;0;0,5;0;0,5;1;0,333333333;0,845260408;0,778560012;0,511996915;0,515941064;0,248680352;0,630146847;0,599609823
0,75;0;0,5;0;0,666666667;1;0,333333333;0,808510712;0,75753482;0,446444216;0,365173422;0,301173021;0,646127267;0,632889603
0,75;0;0,583333333;0;0,833333333;1;0,333333333;0,838490972;0,775556074;0,407455013;0,202197993;0,365395894;0,592571264;0,61533165
0,75;0;0,583333333;0;1;0;0,333333333;0,856865819;0,793567813;0,457154756;0,226739683;0,646334311;0,419665995;0,58744549
0,75;0;0,583333333;0;0;0;0,666666667;0,831721535;0,79507454;0,701799486;0,450984604;0,669208211;0,340771667;0,533509295
0,75;0;0,583333333;1;0,166666667;0;0,666666667;0,843326946;0,791319022;0,655955784;0,160561854;0,898826979;0,428735963;0,693481754
0,75;0;0,583333333;0;0,333333333;1;0,333333333;0,866537769;0,828090513;0,607112596;0,248802376;0,302346041;0,523178808;0,535345421
0,75;0;0,583333333;0;0,5;1;0,333333333;0,835589619;0,815360045;0,764352699;0,295357494;0,229912023;0,553556003;0,531214138
0,75;0;0,583333333;0;0,666666667;1;0,333333333;0,870405853;0,816832284;0,66966581;0,313717453;0,22111437;0,552548229;0,526968097
0,75;0;0,583333333;0;0,833333333;1;0,666666667;0,823017477;0,797343548;0,7793491;0,443636285;0,202932551;0,482004031;0,463621758
0,75;0;0,583333333;0;1;0;0,333333333;0,851063114;0,789821809;0,626392802;0,330885207;0,582991202;0,482004031;0,612347946
0,75;0;0,583333333;0;0;0;0,333333333;0,8675045;0,820583045;0,594686889;0,361545571;0,511143695;0,451770803;0,560133119
0,75;0;0,583333333;0;0,166666667;1;0,333333333;0,884912617;0,867888538;0,653812853;0,556369627;0,21202346;0,484163547;0,46890062
0,75;0;0,583333333;0;0,333333333;1;0,333333333;0,921663473;0,879151524;0,57497892;0,394617933;0,194134897;0,517708033;0,488638972
0,75;0;0,583333333;0;0,5;1;0,333333333;0,866537769;0,819844547;0,649529049;0,287967793;0,219354839;0,517420098;0,498278632
0,75;0;0,583333333;0;0,666666667;1;0,333333333;0,790134704;0,755270569;0,489717224;0,474255266;0,260410557;0,604088684;0,583428965
0,75;0;0,583333333;0;0,833333333;1;0,333333333;0,769825234;0,742506802;0,607969152;0,360288336;0,386510264;0,60754391;0,635529034
0,75;0;0,583333333;0;1;0;0,333333333;0,796905301;0,759027276;0,601542416;0,410556041;0,709090909;0,504606968;0,67971081
0,75;0;0,583333333;0;0;0;0,333333333;0,834622888;0,796570563;0,621251414;0,482858849;0,588269795;0,474517708;0,608446179
0,75;0;0,583333333;0;0,166666667;1;0,333333333;0,866537769;0,837113032;0,66966581;0,425260561;0,246627566;0,520731356;0,511590544
0,75;0;0,583333333;0;0,333333333;1;0,333333333;0,901354003;0,888907784;0,668809254;0,257358665;0,220527859;0,545493809;0,521115446
0,75;0;0,583333333;0;0,5;1;0,333333333;0,891682054;0,888159772;0,727077635;0,224286303;0,188856305;0,530953067;0,497131053
0,75;0;0,583333333;0;0,666666667;1;0,666666667;0,945841027;0,982726758;0,710796915;0,4375117;0,185337243;0,453786352;0,434243746
0,75;0;0,583333333;0;0,833333333;1;0,333333333;0,984525344;1;0,59682982;0,262285132;0,164809384;0,406708897;0,388684875
0,75;0;0,583333333;0;1;0;0,333333333;0,985493236;0,956464295;0,514138817;0,258582399;0,289442815;0,330837892;0,376979573
0,75;0;0,583333333;0;0;0;0,333333333;0,963249144;0,945216769;0,566409254;0,333366176;0,307917889;0,367981572;0,413816846
0,75;0;0,583333333;0;0,166666667;1;0,333333333;0,862668525;0,857368807;0,778491517;0,178945657;0,166568915;0,471062482;0,440670186
0,75;0;0,583333333;0;0,333333333;1;0,333333333;0,895551298;0,828852795;0,556126478;0,394625815;0,219941349;0,552836165;0,526738582
0,75;0;0,583333333;0;0,5;1;0,333333333;0,899419381;0,821346516;0,41431054;0,361529806;0,221407625;0,561618198;0,5343126
0,75;0;0,583333333;0;0,666666667;1;0,333333333;0,904255356;0,879894779;0,599828278;0,3517084;0,17771261;0,544773971;0,503787009
0,75;0;0,583333333;0;0,833333333;1;0,333333333;0,972919933;0,93467801;0,557840617;0,343154082;0,196480938;0,457241578;0,441358733
0,75;0;0,583333333;0;1;0;0,333333333;0,933268885;0,866381812;0,479005656;0,332116824;0,457184751;0,419809963;0,513541428
0,75;0;0,583333333;0;0;0;0,333333333;0,935202346;0,867879024;0,49442982;0,324778358;0,446920821;0,399942413;0,493688318
0,75;0;0,666666667;0;0,166666667;1;0,333333333;0,895551298;0,836360263;0,566409254;0,308824486;0,213782991;0,509213936;0,489557035
0,75;0;0,666666667;0;0,333333333;1;0,333333333;0,909090171;0,840854279;0,505141388;0,405645338;0,234897361;0,582205586;0,556001836
0,75;0;0,666666667;0;0,5;1;0,666666667;0,849129652;0,808586317;0,676092545;0,2671781;0,136950147;0,447307803;0,410144595
0,75;0;0,666666667;0;0,666666667;1;0,666666667;0,823984207;0,79057101;0,778920308;0,388501231;0,23431085;0,543766196;0,525131972
0,75;0;0,666666667;0;0,833333333;1;0,333333333;0,824950938;0,780794533;0,648671465;0,36395954;0,3;0,553268068;0,558411751
0,75;0;0,666666667;0;1;0;0,666666667;0,831721535;0,804087545;0,776349614;0,449786487;0,446041056;0,399222574;0,492770255
0,75;0;0,666666667;0;0;0;0,333333333;0,861701794;0,850630756;0,774207712;0,397047667;0,380645161;0,358047797;0,434358504
0,75;0;0,666666667;0;0,166666667;1;0,333333333;0,88781397;0,83634956;0,608825707;0,37869756;0,248093842;0,501007774;0,496442506
0,75;0;0,666666667;0;0,333333333;1;0,333333333;0,899419381;0,861130271;0,586547044;0,297797081;0,265982405;0,531960841;0,528115676
0,75;0;0,666666667;0;0,5;1;0,333333333;0,889748592;0,81458706;0,43616144;0,394625815;0,259237537;0,560898359;0,548542575
0,75;0;0,666666667;0;0,666666667;1;0,333333333;0,832688266;0,774793791;0,435732648;0,324744858;0,238123167;0,57299165;0,549919669
0,75;0;0,666666667;0;0,833333333;1;0,333333333;0,822049585;0,777791784;0,426735219;0,247547112;0,308211144;0,554851713;0,562887308
0,75;0;0,666666667;0;1;0;0,666666667;0,79593741;0,768059308;0,750213882;0,416688507;0,441055718;0,38093867;0,476245123
0,75;0;0,666666667;0;0;0;0,666666667;0,78529989;0,742527019;0,840616967;0,4387177;0,392375367;0,357327959;0,438375029
0,75;0;0,666666667;0;0,166666667;1;0,333333333;0,772726587;0,732750542;0,732219023;0,41176204;0,227272727;0,512957098;0,497819601
0,75;0;0,666666667;0;0,333333333;1;0,333333333;0,813345527;0,768034335;0,594686889;0,465706859;0,21143695;0,576446876;0,542230893
0,75;0;0,666666667;0;0,5;1;0,333333333;0,839457702;0,792810288;0,591688432;0,283108325;0,195894428;0,579614166;0,538673399
0,75;0;0,666666667;0;0,666666667;1;0,333333333;0,825918829;0,787562314;0,673093059;0,459556657;0,187390029;0,4558019;0,436653661
0,75;0;0,666666667;0;0,833333333;1;0,666666667;0,794970679;0,75303129;0,743359383;0,274518536;0,23372434;0,483155773;0,476589396
0,75;0;0,666666667;0;1;0;0,333333333;0,809477443;0,771791042;0,693230848;0,205861314;0,561290323;0,471782321;0,595708056
0,75;0;0,666666667;0;0;0;0,333333333;0,824950938;0,803339533;0,791773779;0,490191403;0,36627566;0,377771379;0,444457195
0,75;0;0,666666667;0;0,166666667;1;0,333333333;0,802708007;0,759016573;0,483290488;0,545359957;0,244281525;0,565073424;0,546017902
0,75;0;0,666666667;0;0,333333333;1;0,333333333;0,743713059;0,720739544;0,468295116;0,289209263;0,375659824;0,664267204;0,67649759
0,75;0;0,666666667;0;0,5;1;0,333333333;0,781430645;0,750023784;0,622107969;0,498771339;0,27829912;0,601929168;0,588707826
0,75;0;0,666666667;0;0,666666667;1;0,666666667;0,794003948;0,768054551;0,793487918;0,415464773;0,127565982;0,447307803;0,406472343
0,75;0;0,666666667;0;0,833333333;1;0,333333333;0,812378796;0,784559565;0,78277635;0,165455413;0,225219941;0,560466456;0,53488639
0,75;0;0,666666667;0;1;0;0,666666667;0,789167973;0,75580809;0,87403599;0,740185984;0,06627566;0,127987331;0,127955015
0,75;0;0,666666667;0;0;0;0,333333333;0,820571056;0,770557834;0,577650386;0,60035707;0,414956012;0,420241866;0,497360569
0,75;0;0,666666667;0;0,166666667;1;0,333333333;0,738878244;0,722988336;0,570265296;0,31494907;0,213782991;0,562194069;0,531787927
0,75;0;0,666666667;0;0,333333333;1;0,333333333;0,741779597;0,707226577;0,56383856;0,246339142;0,227272727;0,63763317;0,597199908
0,75;0;0,666666667;0;0,5;1;0,333333333;0,762089067;0,7267498;0,614824679;0,164215519;0,201759531;0,629139073;0,580445261
0,75;0;0,75;0;0,666666667;1;0,333333333;0,760154445;0,731268789;0,657241131;0,279421357;0,229618768;0,623668298;0,586986459
0,75;0;0,75;0;0,833333333;1;0,666666667;0,746614411;0,719242332;0,747643188;0,275742271;0,25659824;0,554563778;0,542460409
0,75;0;0,75;0;1;0;0,333333333;0,776595831;0,753021777;0,736932648;0,365199039;0,56744868;0,366973798;0,514574248
0,75;0;0,75;0;0;0;0,333333333;0,823017477;0,791333292;0,763067352;0,40686119;0,739296188;0,34825799;0,566903833
0,75;0;0,75;1;0,166666667;0;0,666666667;0,781430645;0,744023042;0,812768123;0,419135976;0,362463343;0,304491794;0,384553592
0,75;0;0,75;0;0,333333333;1;1;0,626692214;0,612679808;0,912038046;0,677769611;0,059824047;0,360783185;0,310993803
0,75;0;0,75;0;0,5;1;1;0,695357952;0,647201319;0,943015938;0,191187929;0,034604106;0,270371437;0,22905669
0,75;0;0,75;0;0,666666667;1;1;0,735682114;0,660439579;0,966133676;0,379826707;0,044868035;0,243161532;0,21138398
0,75;0;0,75;0;0,833333333;1;0,666666667;0,754351739;0,688487042;0,923307969;0,245099643;0,12228739;0,450187158;0,406701859
0,75;0;0,75;0;1;0;0,333333333;0,765957151;0,722993093;0,775064267;0,302697931;0,513196481;0,517564066;0,613380767
0,75;0;0,75;0;0;0;0,333333333;0,758219823;0,724499819;0,733933162;0,226723919;0,47888563;0,491361935;0,579068166
0,75;0;0,75;0;0,166666667;1;0,333333333;0,747792361;0,716057634;0,711747044;0,175210804;0,202346041;0,579182263;0,540853798
0,75;0;0,75;0;0,333333333;1;0,333333333;0,75531847;0,717751066;0,732647815;0,279437122;0,205571848;0,584797005;0,546591692
0,75;0;0,75;0;0,5;1;0,333333333;0,781430645;0,745514309;0,716794859;0,329679208;0,18973607;0,595738555;0,549116364
0,75;0;0,75;0;0,666666667;1;0,666666667;0,670212507;0,658429818;0,729220566;0,534316788;0,125513196;0,465159804;0,419899013
0,75;0;0,75;0;0,833333333;1;0,666666667;0,544487604;0,548789624;0,607112596;0,323536888;0,217595308;0,578462424;0,546247418
0,75;0;0,75;0;1;0;0,666666667;0,570599779;0,569050156;0,738645758;0,373771093;0,420527859;0,442988771;0,517672711
0,75;0;0,75;0;0;0;0,333333333;0,588974627;0,583350379;0,714652956;0,351716283;0,396774194;0,420529801;0,490475098
0,75;0;0,75;0;0,166666667;1;0,666666667;0,637330895;0,62989359;0,709511568;0,299020815;0,202639296;0,553987907;0,520885931
0,75;0;0,75;0;0,333333333;1;0,666666667;0,651837659;0,632916556;0,906169666;0,2659386;0,128445748;0,461128707;0,417833372
0,75;0;0,75;0;0,5;1;0,666666667;0,690521977;0,654698084;0,925449871;0,189972865;0,158064516;0,548949035;0,499426211
0,75;0;0,75;0;0,666666667;1;0,666666667;0,729206294;0,659966274;0,927591774;0,252481462;0,162756598;0,610423265;0,550263943
1;0;0,75;0;0,833333333;1;0,666666667;0,706963363;0,620915072;1;0,154428402;0,075659824;0,307659084;0,274845077
1;0;0,75;0;1;0;0,666666667;0,70406201;0,671203098;0,88688946;0,154461113;0,520821114;0,525050389;0,62233188
1;0;0,75;0;0;0;0,666666667;0,735976891;0,680984331;0,868894602;0,099276598;0,452785924;0,498992226;0,574936883
1;0;0,75;0;0,166666667;1;0,666666667;0,753385008;0,700493283;0,872321851;0,218143983;0,20058651;0,568096746;0,531328896
1;0;0,75;0;0,333333333;1;0,666666667;0,738878244;0,683229555;0,910454499;0,232866239;0,139882698;0,524474518;0,472802387
1;0;0,75;0;0,5;1;0,666666667;0,736943622;0,683982324;0,872750643;0,292886378;0,140762463;0,493377483;0,448358963
1;0;0,75;0;0,666666667;1;0,333333333;0,715667421;0,683214095;0,718937789;0,340680995;0,191495601;0,602649007;0,555313289
1;0;0,75;0;0,833333333;1;0,333333333;0,654739012;0,647914843;0,665809769;0,406876955;0,24340176;0,629427008;0,596970392
1;0;0,833333333;0;1;0;0,666666667;0,475821866;0,49097986;0,775064267;0,575994703;0,140762463;0,280593147;0,278746844
1;0;0,833333333;0;0;0;0,666666667;0,413926726;0,410653636;0,81405347;0,437495936;0,180645161;0,331413763;0,334863438
1;0;0,833333333;0;0,166666667;1;0,666666667;0,445841607;0,466224123;0,782347558;0,164240151;0,096774194;0,466455514;0,409685563
1;0;0,833333333;0;0,333333333;1;0,333333333;0,561895721;0,562326376;0,730077121;0,40565322;0,142521994;0,571551972;0,511361028
1;0;0,833333333;0;0,5;1;0,333333333;0,624757592;0,62687657;0,66623856;0,349286549;0,163929619;0,614310394;0,553821437
1;0;0,833333333;0;0,666666667;1;0,333333333;0,573501132;0,57132511;0,638388689;0,2659386;0,187390029;0,594010942;0,546821207
1;0;0,833333333;0;0,833333333;1;0,333333333;0,592842711;0,599841122;0,703513625;0,044124793;0,27829912;0,581053844;0,572067937
1;0;0,833333333;0;1;0;0,333333333;0,605416013;0,61035134;0,721079692;0,089472927;0,65542522;0,456953642;0,62072527
1;0;0,833333333;0;0;0;0,333333333;0,627658945;0,623124619;0,748071979;0,125033746;0,702932551;0,448315577;0,632430571
1;0;0,833333333;1;0,166666667;0;0,333333333;0,662475179;0,645650592;0,754498715;0,083364107;0,44398827;0,518715808;0,587215974
1;0;0,833333333;0;0,333333333;1;0,666666667;0,657640365;0,649421569;0,831619537;0,281876708;0,195601173;0,560898359;0,523640119
1;0;0,833333333;0;0,5;1;1;0,630560298;0,615673044;0,931876607;0,489001169;0,063636364;0,316585085;0,277254992
1;0;0,833333333;0;0,666666667;1;0,666666667;0,68375254;0,656209567;0,922022622;0,279403622;0,085043988;0,377627411;0,334289649
1;0;0,833333333;0;0,833333333;1;0,666666667;0,639264356;0,62989359;0,736503856;0,441180933;0,155131965;0,448459545;0,418177645
1;0;0,833333333;0;1;0;0,333333333;0,588007896;0,593087611;0,497000514;0,508575009;0,556891496;0,477684999;0,59869176
1;0;0,833333333;0;0;0;0,333333333;0,593810602;0,598354612;0,500428792;0,555147863;0,512609971;0,474085805;0,578494377
1;0;0,833333333;0;0,166666667;1;0,333333333;0,619922778;0,607358104;0,595972237;0,345599581;0,209090909;0,555283616;0,524443424
1;0;0,833333333;0;0,333333333;1;0,666666667;0,617988156;0,621623839;0,721508483;0,216936013;0,186803519;0,591851425;0,544870324
1;0;0,833333333;0;0,5;1;1;0,628710395;0,611071999;0,92053162;0,479520674;0,074486804;0,31241002;0,278173055
1;0;0,833333333;0;0,666666667;1;0,333333333;0,552223771;0,554795123;0,654241645;0,832129633;0,138123167;0,536135906;0,481409227
1;0;0,833333333;0;0,833333333;1;0,333333333;0,496131336;0,503743626;0,590403085;0,436280083;0,198240469;0,522315001;0,493917833
1;0;0,833333333;0;1;0;0,333333333;0,49032863;0,505998364;0,646958355;0,182607796;0,439589443;0,404405413;0,494376865
1;0;0,833333333;0;0;0;0,333333333;0,4893619;0,502241657;0,762210797;0,196098041;0,474780059;0,397638929;0,502754189
1;0;0,833333333;0;0,166666667;1;0,333333333;0,537717007;0,543547597;0,793915681;0,234089973;0,204985337;0,502159516;0,480491164
1;0;0,833333333;0;0,333333333;1;0,333333333;0,547388957;0,551049119;0,64053162;0,328414091;0,203812317;0,574719263;0,537870094
1;0;0,833333333;0;0,5;1;0,666666667;0,561895721;0,562312105;0,740788689;0,292911996;0,118475073;0,502447452;0,44686711
1;0;0,833333333;0;0,666666667;1;0,666666667;0,545454334;0,543522623;0,83590437;0,3897092;0,070381232;0,34825799;0,305141152
1;0;0,833333333;0;0,833333333;1;0,666666667;0,383945306;0,379133686;0,602398972;0,452208338;0,13372434;0,473797869;0,429997705
1;0;0,833333333;0;1;0;1;0,294971259;0,271035895;0,907455013;0,692407131;0,016715543;0,082061618;0,071953179
1;0;0,833333333;0;0;0;0,333333333;0,370406433;0,382126922;0,641388175;0,348039167;0,259530792;0,352145119;0,382258435
1;0;0,833333333;0;0,166666667;1;0,333333333;0,394583987;0,423432862;0,723221594;0,209571929;0,106158358;0,476101353;0,421046592
1;0;0,916666667;0;0,333333333;1;0,333333333;0,465183186;0,472220108;0,703084833;0,267154453;0,120234604;0,526634034;0,466834978
1;0;0,916666667;0;0,5;1;0,333333333;0,438104279;0,463949169;0,73907455;0,161768838;0,108504399;0,549380939;0,480376406
1;0;0,916666667;0;0,666666667;1;0,333333333;0,473887244;0,48272438;0,721936247;0,269609804;0,093255132;0,526346098;0,456047739
1;0;0,916666667;0;0,833333333;1;0,666666667;0,468084538;0,479716873;0,640102828;0,535564169;0,137829912;0,514828678;0,464310305
1;0;0,916666667;0;1;0;0,333333333;0,379110492;0,385129671;0,533847815;0,372563123;0,339002933;0,398790671;0,450539362
1;0;0,916666667;0;0;0;0,333333333;0,404254776;0,430918925;0,75535527;0,181400811;0,279178886;0,388281025;0,418751434
1;0;0,916666667;0;0,166666667;1;0,333333333;0,458413749;0,476718881;0,780205656;0,112766842;0,109384164;0,527209905;0,463047969
1;0;0,916666667;0;0,333333333;1;0,333333333;0,473887244;0,490246118;0,742074036;0,136044401;0,11026393;0,551252519;0,482556805
1;0;0,916666667;0;0,5;1;0,333333333;0,464216455;0,486479898;0,779776864;0,122562236;0,089442815;0,547653326;0,47154005
1;0;0,916666667;0;0,666666667;1;0,666666667;0,441005632;0,444431892;0,836332134;0,372572976;0,055718475;0,394903542;0,336584806
1;0;0,916666667;1;0,833333333;0;0,333333333;0,376209139;0,36486914;0,458868895;0,62009447;0,129032258;0,421537576;0,386504476
1;0;0,916666667;0;1;0;0,333333333;0,413926726;0,425667383;0,568552185;0,417886624;0,373900293;0,401957961;0,46672022
1;0;0,916666667;0;0;0;0,333333333;0,511604831;0,512013376;0,471293573;0,555155745;0,294428152;0,390584509;0,426554969
1;0;0,916666667;0;0,166666667;1;0,333333333;0,615086803;0,623872631;0,603684319;0,604174097;0,174486804;0,56017852;0,514803764
1;0;0,916666667;0;0,333333333;1;0,666666667;0,615086803;0,603616856;0,708226221;0,393394198;0,131671554;0,539303196;0,481409227
1;0;0,916666667;0;0,5;1;1;0,529980839;0,537507611;0,956298201;0,269633451;0,042521994;0,24071408;0,208515033
1;0;0,916666667;0;0,666666667;1;0,666666667;0,396518609;0,384376903;0,592116195;0,601742393;0,040762463;0,419522027;0,350355749
1;0;0,916666667;0;0,833333333;1;0,333333333;0,318182082;0,324321914;0,42159383;0,332108942;0,071847507;0,453066513;0,389258664
1;0;0,916666667;0;1;0;0,333333333;0,382011844;0,385877683;0,51628072;0,442388903;0,276539589;0,391592283;0,420358045
1;0;0,916666667;0;0;0;0,666666667;0,537717007;0,543536894;0,703941388;0,366430656;0,230791789;0,393463864;0,40394767
1;0;0,916666667;0;0,166666667;1;1;0,519342159;0,529271158;0,935732648;0,27204742;0,064516129;0,366397927;0,317305485
1;0;0,916666667;0;0,333333333;1;1;0,483559194;0,501484131;0,989717224;0,234089973;0,020234604;0,221422401;0,184415882
1;0;0,916666667;0;0,5;1;0,666666667;0,511604831;0,511997917;0,7793491;0,661772385;0,032844575;0,353296862;0,294468671
1;0;0,916666667;1;0,666666667;0;0,333333333;0,433268304;0,442945382;0,564696144;0,32968709;0,164222874;0,134609847;0,171563002
1;0;0,916666667;0;0,833333333;1;0,333333333;0,435202926;0,452696885;0,661953728;0,19488278;0,32111437;0,244313274;0,320403948
1;0;0,916666667;0;1;0;0,333333333;0,436169657;0,457948426;0,700942931;0,13482914;0,36627566;0,261877339;0,352077117
1;0;0,916666667;0;0;0;0,333333333;0,532882192;0,542040871;0,718080206;0,41176204;0,237536657;0,325511086;0,352421391
1;0;0,916666667;0;0,166666667;1;0,333333333;0,584306931;0,582856857;0,764054499;0,280063768;0,074193548;0,520299453;0,443768648
1;0;0,916666667;0;0,333333333;1;0,666666667;0,531914301;0,536778627;0,854326992;0,508592745;0,028152493;0,405701123;0,334404407
1;0;0,916666667;0;0,5;1;0,333333333;0,37717587;0,37010641;0,630676607;0,534340435;0,055131965;0,493089548;0,414620151
1;0;1;0;0,666666667;1;0,333333333;0,362669105;0,36336717;0,539416967;0,433840497;0,053372434;0,510365678;0,427702548
1;0;1;0;0,833333333;1;0,333333333;0,364603727;0,394142676;0,643530077;0,198544524;0,078592375;0,528649582;0,452145972
1;0;1;0;1;0;0,333333333;0,34719561;0,369372669;0,630248843;0,188749328;0,207038123;0,418658221;0,414734909
1;0;1;0;0;0;0,333333333;0,383945306;0,415152409;0,797771722;0,165447136;0,185923754;0,410452059;0,399931145
1;0;1;0;0,166666667;1;0,666666667;0,447775069;0,468458644;0,850470951;0,122586868;0,068328446;0,515116614;0,437342208
1;0;1;0;0,333333333;1;1;0,536750276;0,542754395;0,976434961;0,45832504;0,036950147;0,35531241;0,297681891
1;0;1;0;0,5;1;1;0,475821866;0,475975626;0,997858098;0,524521;0,014662757;0,094298877;0,080904292
1;0;1;0;0,666666667;1;0,333333333;0,308510132;0,305552649;0,596401028;0,473055178;0,04398827;0,456665707;0,381225614
1;0;1;0;0,833333333;1;0,333333333;0,337523661;0,377623392;0,715509512;0,163000455;0,076539589;0,483587676;0,415423457
1;0;1;0;1;0;0,333333333;0,319148813;0,316819202;0,5218509;0,459582275;0,147214076;0,386985315;0,366077576
1;0;1;0;0;0;0,333333333;0,256285781;0,301052687;0,503856041;0,13112621;0,110557185;0,340627699;0,314780812
1;0;1;0;0,166666667;1;0,333333333;0,276595251;0,321319164;0,689802571;0,125033746;0,041935484;0,455945868;0,37984852
1;0;1;0;0,333333333;1;0,333333333;0,327852871;0,358115629;0,606683805;0,276966005;0,045454545;0,484883386;0,404291944
1;0;1;0;0,5;1;0,666666667;0,368471811;0,402382697;0,68251928;0,120123635;0,052199413;0,51281313;0,4291944
1;0;1;0;0,666666667;1;0,666666667;0,49032863;0,490235416;0,652099743;0,528200086;0,053079179;0,507918226;0,425636906
1;0;1;0;0,833333333;1;0,666666667;0,435202926;0,427906661;0,514567609;0,513485712;0,052199413;0,489346386;0,410488868
1;0;1;0;1;0;0,666666667;0,299806074;0,296553914;0,576692031;0,479181733;0,080645161;0,354736539;0,314321781
1;0;1;0;0;0;0,333333333;0,276595251;0,292044438;0,602827763;0,334564293;0,064516129;0,318312698;0,27897636
1;0;1;0;0,166666667;1;0,333333333;0,321083435;0,334087687;0,655526992;0,340706613;0,076246334;0,452490642;0,390521001
1;0;1;0;0,333333333;1;0,666666667;0,447775069;0,47146615;0,612253985;0,121330619;0,063343109;0,508782033;0,430341978
0,25;0;1;0;0,5;1;0,666666667;0,497098067;0,509001113;0,882604627;0,436287966;0,031378299;0,367549669;0,30525591
0,25;0;1;0;0,666666667;1;0,666666667;0,491295361;0,506746375;0,778920308;0,093159501;0,066568915;0,409012381;0,352077117
0,25;0;1;0;0,833333333;1;0,333333333;0,433268304;0,448941367;0,705655527;0,540425607;0,047800587;0,294558019;0,253500115
0,25;0;1;0;1;0;0,333333333;0,351063694;0,355860891;0,557840617;0,375010592;0,045454545;0,123236395;0,116020197
0,25;0;1;0;0;0;0,333333333;0,318896975;0,332931778;0,700569666;0,305620311;0,088856305;0,064929456;0,086527427
0,25;0;1;1;0,166666667;0;0,333333333;0,373391345;0,375236652;0,521292545;0,47188662;0,126099707;0,127699395;0,151136103
0,25;0;1;0;0,333333333;1;0,666666667;0,37717587;0,389623687;0,784061697;0,371357124;0,030205279;0,152461849;0,133348634
0,25;0;1;0;0,5;1;0,333333333;0,34715267;0,332947237;0,518162468;0,57927573;0,074780059;0,294701987;0,264172596
0,25;0;1;0;0,666666667;1;0,333333333;0,288200662;0,313822399;0,590403085;0,235311737;0,074486804;0,312266052;0,278058297
0,25;0;1;0;0,833333333;1;0,333333333;0,361702375;0,379133686;0,654670437;0,264722748;0,14398827;0,36107112;0,344158825
0,25;0;1;0;1;0;0,333333333;0,475821866;0,492475883;0,633247301;0,433832614;0,195014663;0,262021307;0,285173284
0,25;1;0,083333333;0;0;0;0,333333333;0,429400221;0,446691386;0,712082262;0,378681796;0,201173021;0,231500144;0,263254533
0,25;1;0,083333333;1;0,166666667;0;0,333333333;0,316877634;0,30004186;0,392086375;0,649633569;0,071554252;0,245752951;0,223892587
0,25;1;0,083333333;0;0,333333333;1;0,333333333;0,174081171;0,150167203;0,453727506;0,720586526;0,026099707;0,309098762;0,256598577
0,25;1;0,083333333;0;0,5;1;0,666666667;0,124758172;0,14191648;0,426306427;0,363967422;0,027859238;0,327238699;0,271746615
0,25;1;0,083333333;0;0,666666667;1;0,333333333;0,308510132;0,331089695;0,538989203;0,256150695;0,041055718;0,450906997;0,375487721
0,25;1;0,083333333;0;0,833333333;1;0,333333333;0,38781455;0,404648137;0,557411825;0,330877325;0,090029326;0,545781745;0,470277714
0,25;1;0,083333333;0;1;0;0,333333333;0,456479127;0,464717397;0,546701285;0,344375846;0,313782991;0,496832709;0,518820289
0,25;1;0,083333333;0;0;0;0,333333333;0,391682634;0,404637434;0,4781491;0,377450179;0,175659824;0,406852865;0,393045674
0,25;1;0,083333333;0;0,166666667;1;0,666666667;0,260155025;0,294303933;0,721508483;0,194891056;0,031085044;0,326806795;0,272664678
0,25;1;0,083333333;0;0,333333333;1;0,333333333;0,358254407;0,379150335;0,664804113;0,369587536;0,050733138;0,493089548;0,412898784
0,25;1;0,083333333;0;0,5;1;0,666666667;0,318182082;0,336332912;0,871465296;0,258582399;0,026979472;0,300172761;0,249827863
0,25;1;0,083333333;0;0,666666667;1;0,666666667;0,443906985;0,454203611;0,825621594;0,356611221;0,07888563;0,551108552;0,470162956
0,25;1;0,083333333;0;0,833333333;1;0,333333333;0,318182082;0,296543211;0,5218509;0,745094716;0,051026393;0,437661964;0,368831765
0,25;1;0,083333333;0;1;0;0,333333333;0,208897405;0,217728471;0,470437018;0,36886039;0,097653959;0,310970343;0,286091347
0,25;1;0,083333333;0;0;0;0,333333333;0,19342391;0,192205695;0,431020051;0,495125753;0,083284457;0,291822632;0,265205417
0,25;1;0,083333333;1;0,166666667;0;0,333333333;0,220502816;0,226737908;0,537275064;0,455911071;0,063636364;0,29959689;0,263713564
0,25;1;0,083333333;0;0,333333333;1;0,666666667;0,432931747;0,433202203;0,736336247;0,687991046;0,037243402;0,404261445;0,336814322
0,25;1;0,083333333;0;0,5;1;0,333333333;0,352030425;0,327334177;0,455869409;0,818638994;0,031964809;0,470342643;0,387422538
0,25;1;0,083333333;0;0,666666667;1;0,333333333;0,220502816;0,225994653;0,511568123;0,433840497;0,038123167;0,455226029;0,377782878
0,25;1;0,083333333;0;0,833333333;1;0,666666667;0,252417697;0,262764955;0,462724936;0,399536518;0,03372434;0,438813706;0,362979114
0,25;1;0,083333333;0;1;0;0,666666667;0,201160077;0,207962697;0,854755784;0,438735435;0,019648094;0,177656205;0,149299977
0,25;1;0,083333333;0;0;0;0,666666667;0,188587935;0,19294895;0,818766067;0,393404051;0,057478006;0,256406565;0,226876291
0,25;1;0,083333333;0;0,166666667;1;0,666666667;0,253384428;0,289046446;0,937017995;0,218159748;0,042521994;0,329254247;0,279091118
0,25;1;0,083333333;0;0,333333333;1;0,333333333;0,397485339;0,415161923;0,85946838;0,243893643;0,128739003;0,56147423;0,497934359
0,25;1;0,083333333;0;0,5;1;0,333333333;0,341392905;0,350603404;0,661953728;0,317404422;0,136950147;0,547509358;0,490016066
0,25;1;0,083333333;0;0,666666667;1;0,666666667;0,396518609;0,423417402;0,791344987;0,144632811;0,071554252;0,551540455;0,467638283
0,25;1;0,083333333;0;0,833333333;1;0,666666667;0,493229983;0,493976663;0,762210797;0,675255142;0,07888563;0,458825223;0,396603167
0,25;1;0,083333333;0;1;0;0,333333333;0,366537189;0,388132421;0,558697172;0,41545689;0,227272727;0,467607256;0,461670874
0,25;1;0,083333333;0;0;0;0,333333333;0,327852871;0,324321914;0,320051414;0,473039414;0,163636364;0,386553412;0,372159743
0,25;1;0,083333333;0;0,166666667;1;0,333333333;0,312379376;0,312315673;0,412167609;0,425236914;0,036950147;0,503599194;0,415882488
0,25;1;0,083333333;0;0,333333333;1;0,333333333;0,452611043;0,453465113;0,428449357;0,515933181;0,095014663;0,602505039;0,517443195
0,25;1;0,166666667;0;0,5;1;0,333333333;0,544487604;0,554810583;0,522279692;0,372572976;0,08914956;0,615462136;0,525476245
0,25;1;0,166666667;0;0,666666667;1;0,666666667;0,463249724;0,474459386;0,691945501;0,368868272;0,055718475;0,51410884;0,431604315
0,25;1;0,166666667;0;0,833333333;1;0,333333333;0,363635836;0,367876646;0,541559897;0,3517419;0,090909091;0,552980132;0,476359881
0,25;1;0,166666667;0;1;0;0,666666667;0,306576671;0,324326671;0,801627763;0,240206675;0,112609971;0,352433055;0,324994262
0,25;1;0,166666667;0;0;0;0,666666667;0,308510132;0,314570411;0,707369666;0,346815433;0,093255132;0,378491218;0,338191416
0,25;1;0,166666667;0;0,166666667;1;0,333333333;0,32797937;0,352512082;0,639767609;0,303076283;0,060410557;0,515116614;0,434243746
0,25;1;0,166666667;0;0,333333333;1;0,333333333;0,411025373;0,429427658;0,510282776;0,290423144;0,058357771;0,601209329;0,502065641
0,25;1;0,166666667;0;0,5;1;0,666666667;0,297872612;0,316829905;0,743359383;0,263508867;0,031964809;0,387705154;0,321551526
0,25;1;0,166666667;0;0,666666667;1;0,333333333;0,307543401;0,311558147;0,577977378;0,382366793;0,047800587;0,527929744;0,439522607
0,25;1;0,166666667;0;0,833333333;1;0,666666667;0,325918249;0,349101435;0,555269923;0,230418769;0,066568915;0,518859775;0,439637365
0,25;1;0,166666667;0;1;0;1;0,260155025;0,250764661;0,751928021;0,571068236;0,056304985;0,284624244;0,2489098
0,25;1;0,166666667;0;0;0;0,333333333;0,147968995;0,120892477;0,477720308;0,806387855;0,021407625;0,209617046;0,175464769
0,25;1;0,166666667;0;0,166666667;1;0,333333333;0,258220403;0,271035895;0,422879177;0,329645708;0,027565982;0,479124676;0,3927014
0,25;1;0,166666667;0;0,333333333;1;0,666666667;0,370406433;0,397131155;0,523136247;0,278205505;0,039589443;0,545205874;0,450080331
0,25;1;0,166666667;0;0,5;1;0,333333333;0,404254776;0,418159915;0,546272494;0,357858602;0,041348974;0,579902102;0,478425522
0,25;1;0,166666667;0;0,666666667;1;0,666666667;0,36750508;0,392631193;0,774207712;0,180160918;0,02170088;0,421969479;0,344847372
0,25;1;0,166666667;0;0,833333333;1;0,333333333;0,39845207;0,418159915;0,652527506;0,405637455;0,102346041;0,547797293;0,476704154
0,25;1;0,166666667;0;1;0;0,333333333;0,402321314;0,422674148;0,549699743;0,376242209;0,420821114;0,415059027;0,495524443
0,25;1;0,166666667;0;0;0;0,666666667;0,324951518;0,316077137;0,530419537;0,498779221;0,181231672;0,298157213;0,308583888
0,25;1;0,166666667;1;0,166666667;0;0,333333333;0,324951518;0,325118683;0,522186118;0,451427986;0,147214076;0,378203282;0,359077347
0,25;1;0,166666667;0;0,333333333;1;0,333333333;0,334033913;0,350950653;0,611154756;0,40538325;0,047800587;0,520299453;0,433440441
0,25;1;0,166666667;0;0,5;1;0,333333333;0,45938048;0,466962621;0,58397635;0,462045509;0,115542522;0,630434783;0,54773927
0,25;1;0,166666667;0;0,666666667;1;0,333333333;0,527079487;0,528538606;0,570265296;0,376210679;0,151319648;0,654477397;0,580904292
0,25;1;0,166666667;0;0,833333333;1;0,666666667;0,472920513;0,488729879;0,758354756;0,468146446;0,072140762;0,466599482;0,400160661
0,25;1;0,166666667;0;1;0;0,333333333;0,337523661;0,304050679;0,407026221;0,830882252;0,092961877;0,347682119;0,313518476
0,25;1;0,166666667;0;0;0;0,333333333;0,323984788;0,31907394;0,42159383;0,404421603;0,151026393;0,413763317;0,388914391
0,25;1;0,166666667;0;0,166666667;1;0,333333333;0,425532137;0,425681654;0,504712596;0,52818235;0,074193548;0,58580478;0,495983475
0,25;1;0,166666667;0;0,333333333;1;0,333333333;0,416828079;0,420414653;0,407026221;0,381145029;0,067155425;0,595162684;0,500688547
0,25;1;0,166666667;0;0,5;1;0,666666667;0,399630019;0,414403208;0,82754036;0,352965635;0,019061584;0,254678952;0,210465917
0,25;1;0,25;0;0,666666667;1;0,333333333;0,563829182;0,565314855;0,632819537;0,447297635;0,095307918;0,671609559;0,572641726
0,25;1;0,25;0;0,833333333;1;0,666666667;0,410057482;0,427926878;0,675663753;0,285545941;0,072140762;0,424416931;0,366536608
0,25;1;0,25;0;1;0;0,666666667;0,480657841;0,491727871;0,638817481;0,317420186;0,280351906;0,447739706;0,466605462
0,25;1;0,25;0;0;0;0,333333333;0,3781426;0,360354907;0,414738303;0,659301269;0,208211144;0,390584509;0,392816158
0,25;1;0,25;0;0,166666667;1;0,333333333;0,282397957;0,286802411;0,520565553;0,450984604;0,059530792;0,450619061;0,38248795
0,25;1;0,25;0;0,333333333;1;0,333333333;0,299806074;0,303297911;0,469580463;0,395841667;0,064809384;0,537719551;0,453982098
0,25;1;0,25;0;0,5;1;0,333333333;0,46905243;0,457963886;0,527848843;0,681387609;0,126686217;0,645551396;0,564149644
0,25;1;0,25;0;0,666666667;1;0,333333333;0,61218545;0,623863117;0,583547558;0,870138316;0,142521994;0,70486611;0,617626807
0,25;1;0,25;0;0,833333333;1;0,666666667;0,476788597;0,472214162;0,418594344;0,817399495;0,131085044;0,593435071;0,524328667
0,25;1;0,25;0;1;0;0,333333333;0,333655577;0,330322656;0,360325964;0,444860019;0,283870968;0,453498416;0,472572871
0,25;1;0,25;0;0;0;0,333333333;0,41981299;0,427722334;0,490444216;0,438627053;0,486217009;0,468327095;0,563575855
0,25;1;0,25;0;0,166666667;1;0,333333333;0,541586251;0,546550346;0,502999486;0,409316541;0,245747801;0,64209617;0,607987147
0,25;1;0,25;0;0,333333333;1;0,333333333;0,655705742;0,645655349;0,63496144;0,466930594;0,223460411;0,732076015;0,670989213
0,25;1;0,25;0;0,5;1;0,333333333;0,664409801;0,652419562;0,521422108;0,226739683;0,292375367;0,765188598;0,724351618
0,25;1;0,25;0;0,666666667;1;0,333333333;0,647001684;0,633639594;0,595972237;0,295357494;0,294721408;0,746760726;0,710580675
0,25;1;0,25;0;0,833333333;1;0,666666667;0,505802125;0,518766887;0,865895116;0,223054686;0,160703812;0,551396487;0,502409915
0,25;1;0,25;0;1;0;0,666666667;0,596711955;0,600604593;0,77720617;0,218151865;0,925219941;0,673913043;0,899242598
0,25;1;0,25;0;0;0;0,666666667;0,548355687;0,551792374;0,832904884;0,250033993;0,647214076;0,530521163;0,676153317
0,25;1;0,25;0;0,166666667;1;0,333333333;0,63249492;0,633634837;0,749357326;0,319859773;0,28797654;0,744457242;0,706105118
0,25;1;0,25;0;0,333333333;1;0,333333333;0,650869768;0,640427592;0,830762982;0,238975058;0,308211144;0,725885402;0,699219647
0,5;1;0,25;0;0,5;1;0,666666667;0,617021425;0,610370367;0,844473008;0,176482423;0,329032258;0,735387273;0,714941473
0,5;1;0,25;0;0,666666667;1;0,333333333;0,6431336;0,632143571;0,854755784;0,231666151;0,391202346;0,797149439;0,788501262
0,5;1;0,25;0;0,833333333;1;0,666666667;0,698259304;0,677928067;0,713796401;0,22917927;0,724046921;0,848401958;0,959605233
0,5;1;0,25;0;1;0;0,666666667;0,583171921;0,578826633;0,910454499;0,379895677;0,302932551;0,33674057;0,386963507
0,5;1;0,25;0;0;0;0,666666667;0,507736747;0,520264099;0,905740874;0,435056349;0,449266862;0,49870429;0,573330273
0,5;1;0,25;0;0,166666667;1;0,333333333;0,517407537;0,521764879;0,491431362;0,762264441;0,23313783;0,685718399;0,637824191
0,5;1;0,25;0;0,333333333;1;0,333333333;0,375241247;0,375378168;0,298200514;0,368878125;0,155718475;0,658076591;0,585494606
0,5;1;0,25;0;0,5;1;0,333333333;0,561895721;0,560057367;0,494858612;0,574763086;0,197653959;0,723293982;0,653890291
0,5;1;0,25;0;0,666666667;1;0,333333333;0,573501132;0,573559632;0,451585604;0,62989814;0,24457478;0,762885114;0,703809961
0,5;1;0,25;0;0,833333333;1;0,666666667;0,429400221;0,446691386;0,597257584;0,272073038;0,233431085;0,671321624;0,626463163
0,5;1;0,25;0;1;0;0,666666667;0,492263253;0,501498402;0,759211311;0,493862607;0,674780059;0,566369133;0,715515263
0,5;1;0,333333333;0;0;0;0,666666667;0,494196714;0,496240914;0,695372751;0,339467114;0,688269795;0,531816873;0,693252238
0,5;1;0,333333333;0;0,166666667;1;0,333333333;0,503573886;0,508401752;0,518609769;0,615097061;0,354252199;0,680679528;0,681202662
0,5;1;0,333333333;0;0,333333333;1;0,333333333;0,541586251;0,548799138;0,407883805;0,19732079;0,395307918;0,780881083;0,777140234
0,5;1;0,333333333;0;0,5;1;0,333333333;0,628626836;0,634382849;0,482861697;0,356626986;0,31026393;0,774258566;0,738581593
0,5;1;0,333333333;0;0,666666667;1;0,333333333;0,504835395;0,512742361;0,384747558;0,432600998;0,349560117;0,75799021;0,740991508
0,5;1;0,333333333;0;0,833333333;1;0,333333333;0,468084538;0,464703126;0,387746015;0,591940693;0,529912023;0,669881946;0,741335782
0,5;1;0,333333333;0;1;0;0,333333333;0,507736747;0,506755889;0,261354242;0,541657224;0,953665689;0,519003743;0,786894652
0,5;1;0,333333333;0;0;0;0,333333333;0,580270569;0,585595603;0,283632905;0,458350658;0,653958944;0,423121221;0,593183383
0,5;1;0,333333333;0;0,166666667;1;0,333333333;0,567698426;0,566821581;0,326478149;0,705856388;0,265395894;0,673769076;0,640922653
0,5;1;0,333333333;0;0,333333333;1;0,333333333;0,518375428;0,518771644;0,447300771;0,491415138;0,240175953;0,734091563;0,679137021
0,5;1;0,333333333;0;0,5;1;0,333333333;0,404676052;0,401088839;0,482843188;0,581863111;0,141348974;0,63057875;0,55795272
0,5;1;0,333333333;0;0,666666667;1;0,333333333;0,461315102;0,460941662;0,479434447;0,572315617;0,194428152;0,683270947;0,62072527
0,5;1;0,333333333;0;0,833333333;1;0,333333333;0,513539453;0,513509399;0,419879692;0,306369134;0,367155425;0,740858048;0,734220794
0,5;1;0,333333333;0;1;0;0,333333333;0,574467863;0,580328602;0,517138303;0,376218562;0,819648094;0,671609559;0,856093642
0,5;1;0,333333333;0;0;0;0,333333333;0,70406201;0,68245657;0,522279692;0,443636285;0,834604106;0,617045782;0,818453064
0,5;1;0,333333333;1;0,166666667;0;0,333333333;0,770793125;0,731273546;0,577549614;0,56128033;0,351319648;0,744601209;0,731007574
0,5;1;0,333333333;0;0,333333333;1;0,333333333;0,705995472;0,71172535;0,401457069;0,539209755;0,290029326;0,820904117;0,767844847
0,5;1;0,333333333;0;0,5;1;0,666666667;0,537717007;0,54351311;0,585261697;0,330885207;0,101759531;0,57875036;0,501147579
0,5;1;0,333333333;0;0,666666667;1;0,333333333;0,578335946;0,586334101;0,629820051;0,129919226;0,248093842;0,823351569;0,753385357
0,5;1;0,333333333;0;0,833333333;1;0,333333333;0,611218719;0,613363603;0,714224165;0,295333847;0,392961877;0,85660812;0,836584806
0,5;1;0,333333333;0;1;0;0,333333333;0,661508448;0,645645835;0,702228278;0,558832861;0,74516129;0,587820328;0,760156071
0,5;1;0,333333333;0;0;0;1;0,460348371;0,463201157;0,859040617;0,678957875;0,035190616;0,13057875;0,117856323
0,5;1;0,333333333;0;0,166666667;1;0,666666667;0,373307786;0,358100169;0,78834653;0,598065278;0,057184751;0,434638641;0,368831765
0,5;1;0,333333333;0;0,333333333;1;0,333333333;0,47968995;0,481965665;0,467009769;0,491430902;0,151906158;0,736395048;0,646431031
0,5;1;0,333333333;0;0,5;1;0,333333333;0,553191662;0,559304599;0,440017481;0,234089973;0,192082111;0,79772531;0,711039706
0,5;1;0,333333333;0;0,666666667;1;0,666666667;0,578335946;0,575080628;0,778063753;0,348054932;0,139296188;0,655197236;0,576773009
0,5;1;0,333333333;0;0,833333333;1;0,333333333;0,53094757;0,538279407;0,412167609;0,685041077;0,297360704;0,751367694;0,715285747
0,5;1;0,333333333;0;1;0;0,666666667;0,437137548;0,448930664;0,503427249;0,256127048;0,328445748;0,446300029;0,484278173
0,5;1;0,333333333;0;0;0;0,333333333;0,531914301;0,53528736;0,603684319;0,230377387;0,653665689;0,586668586;0,723433555
0,5;1;0,333333333;0;0,166666667;1;0,666666667;0,538684898;0,544295608;0,586118252;0,338227615;0,195014663;0,706449755;0,639430801
0,5;1;0,416666667;0;0,333333333;1;0,666666667;0,711798177;0,686197818;0,678234447;0,307600751;0,191495601;0,73236395;0,658710122
0,5;1;0,416666667;0;0,5;1;0,333333333;0,654739012;0,639670066;0,819622622;0,272055303;0,195601173;0,792110567;0,707941244
0,5;1;0,416666667;0;0,666666667;1;0,666666667;0,649903037;0,638892324;0,79005964;0,263459602;0,224046921;0,814425569;0,736860225
0,5;1;0,416666667;0;0,833333333;1;0,333333333;0,728239564;0,702723048;0,756212853;0,321083508;0,313489736;0,752519436;0,722515492
0,5;1;0,416666667;0;1;0;0,666666667;0,721470127;0,695220336;0,778063753;0,301484049;0,731964809;0,631586525;0,789878357
0,5;1;0,416666667;0;0;0;0,666666667;0,65280439;0,650183852;0,76092545;0,295349612;0,626099707;0,608119781;0,729745238
0,5;1;0,416666667;0;0,166666667;1;0,666666667;0,623790861;0,626881327;0,682948072;0,454655807;0,295601173;0,75799021;0,719876062
0,5;1;0,416666667;0;0,333333333;1;0,666666667;0,675048482;0,662948807;0,705226735;0,583350904;0,216422287;0,718399079;0,657333027
0,5;1;0,416666667;0;0,5;1;0,666666667;0,667311154;0,65766159;0,765210283;0,426458678;0,181818182;0,589835877;0,54131283
0,5;1;0,416666667;0;0,666666667;1;0,333333333;0,587040005;0,584832131;0,567694602;0,618888471;0,300879765;0,798445148;0,754188662
0,5;1;0,416666667;0;0,833333333;1;0,333333333;0,618954886;0,619378615;0,37060874;0,466904976;0,386803519;0,822199827;0,806747762
0,5;1;0,416666667;0;1;0;0,333333333;0,654739012;0,647900573;0,494002057;0,242644291;0,768914956;0,69205298;0,852536149
0,5;1;0,416666667;0;0;0;0,333333333;0,710831446;0,695969537;0,592544987;0,443612638;0,636950147;0,568096746;0,702088593
0,5;1;0,416666667;0;0,166666667;1;0,666666667;0,665376532;0,653945315;0,81191054;0,419128094;0,100293255;0,360063346;0,326256599
0,5;1;0,416666667;0;0,333333333;1;0,666666667;0,709864716;0,685464076;0,817051928;0,290448762;0,183284457;0,646415203;0,586986459
0,5;1;0,416666667;0;0,5;1;0,333333333;0,738878244;0,70873806;0,717652442;0,241420557;0,290615836;0,926144544;0,851962359
0,5;1;0,416666667;0;0,666666667;1;0,333333333;0,688587355;0,68095579;0,53470437;0,452200456;0,364222874;0,884249928;0,847372045
0,5;1;0,416666667;0;0,833333333;1;0,333333333;0,654739012;0,655397338;0,53813162;0,269609804;0,446041056;0,880794702;0,8766353
0,5;1;0,416666667;0;1;0;0,333333333;0,696324682;0,67417136;0,469151671;0,165480045;1;0,703138497;0,951801698
0,5;1;0,416666667;0;0;0;0,333333333;0,720502236;0,694458054;0,545415938;0,501252308;0,792961877;0,637057299;0,81810879
0,5;1;0,416666667;0;0,166666667;1;0,666666667;0,69439006;0,672695553;0,834190231;0,459548775;0,184750733;0,536855744;0,500229516
0,5;1;0,416666667;0;0,333333333;1;0,666666667;0,713732799;0,690721564;0,787488946;0,232858356;0,240175953;0,756406565;0,696924489
0,5;1;0,416666667;0;0,5;1;0,666666667;0,721470127;0,695225093;0,796486375;0,200999876;0,224633431;0,646991074;0,603626348
0,5;1;0,416666667;0;0,666666667;1;0,333333333;0,760154445;0,721492313;0,736932648;0,340706613;0,310557185;0,822199827;0,776910718
0,5;1;0,416666667;0;0,833333333;1;0,333333333;0,789167973;0,74626232;0,76820874;0,276966005;0,415542522;0,765476533;0,772779435
0,5;1;0,416666667;0;1;0;0,333333333;0,803674737;0,764299033;0,753213368;0,392131052;0,837243402;0,529945292;0,750057379
0,5;1;0,416666667;0;0;0;0,333333333;0,800773385;0,76278755;0,716794859;0,424013179;0,962756598;0,476245321;0,756369061
0,5;1;0,416666667;1;0,166666667;0;0,333333333;0,82688556;0,807828792;0,695372751;0,387261731;0,749853372;0,501871581;0,693481754
0,5;1;0,416666667;0;0,333333333;1;0,333333333;0,838490972;0,80032727;0,703941388;0,582111405;0,258064516;0,700115174;0,659054395
0,5;1;0,416666667;0;0,5;1;0,666666667;0,762089067;0,726759314;0,688946015;0,264706984;0,218475073;0,87964296;0,786665137
0,5;1;0,416666667;0;0,666666667;1;0,333333333;0,789167973;0,750781309;0,506855527;0,384814262;0,322580645;0,898070832;0,842093183
0,5;1;0,5;0;0,833333333;1;0,666666667;0,759187714;0,722993093;0,776778406;0,468138564;0,156304985;0,517420098;0,473605692
0,5;1;0,5;0;1;0;0,333333333;0,676981943;0,673434051;0,564696144;0,367636655;0,819648094;0,766628275;0,931833831
0,5;1;0,5;0;0;0;0,333333333;0,699226035;0,683952593;0,50728329;0,362759452;0,731378299;0,741002016;0,876864815
0,5;1;0,5;0;0,166666667;1;0,333333333;0,693423329;0,687698598;0,500856555;0,561288212;0,314076246;0,853296862;0,803075511
0,5;1;0,5;0;0,333333333;1;0,666666667;0,627658945;0,625394817;0,630676607;0,412985774;0,283870968;0,868557443;0,803419784
0,5;1;0,5;0;0,5;1;0,333333333;0,6431336;0,644897823;0,628534704;0,151981524;0,301173021;0,867837604;0,809616709
0,5;1;0,5;0;0,666666667;1;0,333333333;0,699226035;0,677184812;0,583118766;0,310071867;0,304398827;0,929455802;0,85999541
0,5;1;0,5;0;0,833333333;1;0,333333333;0,753385008;0,710982095;0,481148586;0,345607463;0,436363636;0,89951051;0,887766812
0,5;1;0,5;0;1;0;0,333333333;0,824950938;0,77104303;0,449442674;0,284330089;0,794134897;0,689605528;0,860454441
0,5;1;0,5;0;0;0;0,333333333;0,843326946;0,789059527;0,553555784;0,263508867;0,652199413;0,629714944;0,757172366
0,5;1;0,5;0;0,166666667;1;0,666666667;0,836556349;0,784545295;0,604541902;0,409316541;0,298240469;0,812985891;0,764746385
0,5;1;0,5;0;0,333333333;1;0,666666667;0,758219823;0,710997555;0,856897686;0,422781562;0,139882698;0,647135042;0,570576084
0,5;1;0,5;0;0,5;1;0,333333333;0,761121176;0,726745043;0,598542931;0,676461141;0,34398827;0,89951051;0,851618086
0,5;1;0,5;0;0,666666667;1;0,333333333;0,752417117;0,742521073;0,58568946;0,500002956;0,346041056;0,890152606;0,84496213
0,5;1;0,5;0;0,833333333;1;0,333333333;0,741779597;0,713232076;0,606255013;0,348039167;0,458357771;0,878491218;0,879619004
0,5;1;0,5;0;1;0;0,333333333;0,733075538;0,707231334;0,51842365;0,328431827;0,868914956;0,682263173;0,883865045
0,5;1;0,5;0;0;0;0,333333333;0,687620624;0,680197076;0,615681234;0,285545941;0,772434018;0,625395911;0,800780353
0,5;1;0,5;0;0,166666667;1;0,666666667;0,659573826;0,647930303;0,799914653;0,344352199;0,191495601;0,640080622;0,585150333
0,5;1;0,5;0;0,333333333;1;0,333333333;0,798838763;0,778564769;0,709511568;0,291680379;0,283870968;0,843219119;0,783222401
0,5;1;0,5;0;0,5;1;0,333333333;0,90812344;0,857389023;0,608825707;0,22427645;0,255718475;0,768643824;0,712761074
0,75;1;0,5;0;0,666666667;1;0,333333333;0,935202346;0,894928743;0,58397635;0,23408012;0,228152493;0,738122661;0,677645169
0,75;1;0,5;0;0,833333333;1;0,333333333;0,902320734;0,861130271;0,589974293;0,360306072;0,282697947;0,699539303;0,668235024
0,75;1;0,5;0;1;0;0,333333333;0,849129652;0,776305274;0,549699743;0,354155869;0,779178886;0,691189174;0,855864127
0,75;1;0,5;0;0;0;0,333333333;0,862668525;0,80182805;0,49271671;0,286769676;0,748093842;0,62482004;0,79079642
0,75;1;0,5;0;0,166666667;1;0,333333333;0,830753644;0,777791784;0,51842365;0,59193084;0,334017595;0,811978117;0,777943539
0,75;1;0,5;0;0,333333333;1;0,333333333;0,732107647;0,707226577;0,383889974;0,685058812;0,315835777;0,916354737;0,854028001
0,75;1;0,5;0;0,5;1;0,333333333;0,809477443;0,762034782;0,370179949;0,535556287;0,315835777;0,900950187;0,84174891
0,75;1;0,5;0;0,666666667;1;0,333333333;0,869439122;0,803324073;0,434447301;0,338251262;0,270087977;0,857759862;0,789419325
0,75;1;0,5;0;0,833333333;1;0,333333333;0,968085119;0,935446238;0,502570694;0,325968593;0,243108504;0,667146559;0,626922194
0,75;1;0,5;0;1;0;0,333333333;0,88781397;0,817589809;0,618251928;0,317404422;0,426686217;0,609271523;0,652627955
0,75;1;0,583333333;0;0;0;0,333333333;0,946807758;0,892653788;0,533419023;0,33210106;0,416715543;0,591707458;0,634725729
0,75;1;0,583333333;0;0,166666667;1;0,333333333;0,907156709;0,834868997;0,45972545;0,384790615;0,265102639;0,76634034;0,7145972
0,75;1;0,583333333;0;0,333333333;1;0,333333333;0,906188818;0,835596792;0,505997943;0,248760993;0,308504399;0,807371149;0,764287354
0,75;1;0,583333333;1;0,5;0;0,333333333;0,915860768;0,870900801;0,553984576;0,265930718;0,751319648;0,696947884;0,849552444
0,75;1;0,583333333;0;0,666666667;1;0,333333333;0,960347791;0,905423501;0,47086581;0,382351029;0,41202346;0,696228045;0,71620381
0,75;1;0,583333333;0;0,833333333;1;0,333333333;0,961314522;0,89491804;0,463581491;0,287985528;0,40058651;0,696947884;0,712302043
0,75;1;0,583333333;0;1;0;0,333333333;1;0,957208739;0,505997943;0,322297389;0,424633431;0,488338612;0,555428047
0,75;1;0,583333333;0;0;0;0,333333333;0,954545085;0,939945011;0,589974293;0,247562877;0,352785924;0,499424129;0,536148726
0,75;1;0,583333333;0;0,166666667;1;0,666666667;0,824950938;0,777806054;0,702656041;0,356626986;0,292668622;0,802044342;0,753844388
0,75;1;0,583333333;0;0,333333333;1;0,666666667;0,836556349;0,790580524;0,686375321;0,299010962;0,279765396;0,768211921;0,721826945
0,75;1;0,583333333;0;0,5;1;0,333333333;0,831721535;0,773307282;0,651242159;0,29900308;0,285923754;0,905413187;0,833601102
0,75;1;0,583333333;0;0,666666667;1;0,333333333;0,830753644;0,778554066;0,544558355;0,28923291;0,302639296;0,923409156;0,854487032
0,75;1;0,583333333;0;0,833333333;1;0,666666667;0,849129652;0,794311068;0,499571208;0,15932196;0,443108504;0,862078894;0,860569199
0,75;1;0,583333333;0;1;0;0,666666667;0,81624688;0,792062276;0,718937789;0,283131972;0,690615836;0,664267204;0,799747533
0,75;1;0,583333333;0;0;0;0,333333333;0,865569878;0,838624515;0,738217995;0,328431827;0,563049853;0,591851425;0,692104659
0,75;1;0,583333333;0;0,166666667;1;0,333333333;0,885879348;0,861135027;0,663239075;0,323544771;0,319061584;0,826662828;0,78379619
0,75;1;0,583333333;0;0,333333333;1;0,333333333;0,94970911;0,898664044;0,520136761;0,225492302;0,270087977;0,844370861;0,778746844
0,75;1;0,583333333;0;0,5;1;0,333333333;0,920695582;0,886653046;0,593401542;0,270841421;0,23431085;0,70745753;0,655611659
0,75;1;0,583333333;0;0,666666667;1;0,333333333;0,893616676;0,849857771;0,617395373;0,32599224;0,260410557;0,821048085;0,756369061
0,75;1;0,583333333;0;0,833333333;1;0,666666667;0,772726587;0,729014052;0,868038046;0,411787657;0,219061584;0,73754679;0,673628644
0,75;1;0,583333333;0;1;0;1;0,691488707;0,653959586;0,889888946;0,420326211;0,370674487;0,459976965;0,511705302
0,75;1;0,583333333;0;0;0;0,666666667;0,774661209;0,741025049;0,784061697;0,185079109;0,746041056;0,700547077;0,850355749
0,75;1;0,583333333;0;0,166666667;1;0,333333333;0,860735064;0,820573531;0,713796401;0,273286919;0,332844575;0,839475957;0,799403259
0,75;1;0,583333333;0;0,333333333;1;0,333333333;0,871372584;0,840115781;0,673521851;0,416688507;0,33431085;0,928879931;0,87124168
0,75;1;0,583333333;0;0,5;1;0,333333333;0,840425594;0,777806054;0,462724936;0,324752741;0,405571848;0,977541031;0,937915997
0,75;1;0,583333333;0;0,666666667;1;0,333333333;0,901354003;0,879137254;0,613539332;0,5612488;0,303812317;0,838612151;0,787353684
0,75;1;0,583333333;0;0,833333333;1;0,333333333;0,907156709;0,873136512;0,611396401;0,301484049;0,369208211;0,812697956;0,792288272
0,75;1;0,583333333;0;1;0;0,333333333;0,877175289;0,82959605;0,630676607;0,310071867;0,655131965;0,640800461;0,7671563
0,75;1;0,583333333;0;0;0;0,333333333;0,837524241;0,794311068;0,641388175;0,335780146;0,631378299;0,639792686;0,757057608
0,75;1;0,583333333;0;0,166666667;1;0,333333333;0,848161761;0,814591816;0,687660668;0,302715666;0,304985337;0,873164411;0,815354602
0,75;1;0,583333333;0;0,333333333;1;0,333333333;0,827852291;0,788321029;0,724079177;0,325984357;0,283870968;0,89951051;0,828092724
0,75;1;0,666666667;0;0,5;1;0,333333333;0,832688266;0,793567813;0,696658098;0,278205505;0,314956012;0,936654189;0,869864586
0,75;1;0,666666667;0;0,666666667;1;0,333333333;0,873307206;0,840874496;0,678234447;0,254903313;0,288269795;0,903829542;0,833256828
0,75;1;0,666666667;0;0,833333333;1;0,666666667;0,888780701;0,859639004;0,66066838;0,425236914;0,389442815;0,841779441;0,823387652
0,75;1;0,666666667;0;1;0;0,333333333;0,920695582;0,893412503;0,630676607;0,507343393;0,687683284;0,644831558;0,783107643
0,75;1;0,666666667;0;0;0;0,333333333;0,892649945;0,869404778;0,670951157;0,572299852;0,50058651;0,540886841;0,627036952
0,75;1;0,666666667;0;0,166666667;1;0,666666667;0,873307206;0,844630014;0,672665296;0,254903313;0,361583578;0,832133602;0,804796879
0,75;1;0,666666667;0;0,333333333;1;0,666666667;0,853964467;0,829616266;0,723650386;0,230377387;0,374780059;0,863086669;0,834633922
0,75;1;0,666666667;0;0,5;1;0,666666667;0,870405853;0,841622507;0,691945501;0,218143983;0,370381232;0,902821768;0,864585724
0,75;1;0,666666667;0;0,666666667;1;0,333333333;0,877175289;0,831860301;0,637960925;0,307608634;0,350733138;0,876763605;0,836125775
0,75;1;0,666666667;0;0,833333333;1;0,666666667;0,830753644;0,794321771;0,736075064;0,470601798;0,312316716;0,679671754;0,663988983
0,75;1;0,666666667;0;1;0;0,666666667;0,803674737;0,759032032;0,753642159;0,406884837;0,658944282;0,583357328;0,722859766
0,75;1;0,666666667;0;0;0;0,333333333;0,813345527;0,766538312;0,545415938;0,241420557;0,639882698;0,627987331;0,750975442
0,75;1;0,666666667;0;0,166666667;1;0,333333333;0,836556349;0,787557558;0,560840103;0,268417599;0,353958944;0,817160956;0,789878357
0,75;1;0,666666667;0;0,333333333;1;0,333333333;0,843326946;0,8048308;0,706084319;0,333340559;0,330791789;0,814281601;0,778517328
0,75;1;0,666666667;0;0,5;1;0,333333333;0,820116124;0,777785838;0,637103342;0,334548529;0,351319648;0,885257702;0,843126004
0,75;1;0,666666667;0;0,666666667;1;0,333333333;0,834622888;0,778560012;0,533847815;0,279421357;0,392375367;0,902245897;0,872733532
0,75;1;0,666666667;0;0,833333333;1;0,333333333;0,839457702;0,288263947;0,586974807;0,455903189;0,434897361;0,815577311;0,82028919
0,75;1;0,666666667;0;1;0;0,333333333;0,787233351;0,735014794;0,62039383;0,350502401;0,829032258;0,725309531;0,902570576
0,75;1;0,666666667;0;0;0;0,666666667;0,737910353;0,717751066;0,73179126;0,170357248;0,354252199;0,480996257;0,522033509
0,75;1;0,666666667;0;0,166666667;1;0,666666667;0,737910353;0,708728547;0,754927506;0,25613493;0,300879765;0,792398503;0,749368832
0,75;1;0,666666667;0;0,333333333;1;0,333333333;0,753385008;0,714743559;0,692802057;0,143401194;0,317008798;0,853008926;0,803993574
0,75;1;0,666666667;0;0,5;1;0,333333333;0,774661209;0,739513566;0,696229306;0,138499359;0,320821114;0,904261445;0,846339224
0,75;1;0,666666667;0;0,666666667;1;0,333333333;0,807542821;0,75753482;0,653812853;0,166703385;0,399706745;0,921681543;0,89109479
0,75;1;0,666666667;0;0,833333333;1;0,666666667;0,815280149;0,769536304;0,632390746;0,142169577;0,38856305;0,900806219;0,870094101
0,75;1;0,666666667;0;1;0;0,666666667;0,767891773;0,735758049;0,733076607;0,481627232;0,536363636;0,608119781;0,694629332
0,75;1;0,666666667;0;0;0;0,666666667;0,758219823;0,708763034;0,869751157;0,450984604;0,434897361;0,543046358;0,603052559
0,75;1;0,666666667;0;0,166666667;1;0,333333333;0,81624688;0,778560012;0,751071465;0,253679579;0,290029326;0,853440829;0,793780124
0,75;1;0,666666667;0;0,333333333;1;0,333333333;0,845260408;0,79207179;0,637532134;0,376234326;0,274193548;0,878923121;0,807895341
0,75;1;0,666666667;0;0,5;1;0,333333333;0,794970679;0,75601858;0,567694602;0,221813216;0,34516129;0,938669738;0,883291255
0,75;1;0,666666667;0;0,666666667;1;0,333333333;0,820116124;0,776289815;0,607112596;0,151965168;0,343695015;0,941693061;0,885127381
0,75;1;0,666666667;0;0,833333333;1;0,333333333;0,886847239;0,81983979;0,604113111;0,332108942;0,420234604;0,851857184;0,843470278
0,75;1;0,75;0;1;0;0,666666667;0,874273936;0,835601549;0,656383548;0,223044833;0,68973607;0,545349842;0,704613266
0,75;1;0,75;0;0;0;0,666666667;0,808510712;0,771795799;0,838046272;0,126257087;0,76627566;0,460264901;0,666743172
0,75;1;0,75;1;0,166666667;0;0,333333333;0,821082855;0,786814303;0,813195887;0,297797081;0,576246334;0,58580478;0,692448933
0,75;1;0,75;0;0,333333333;1;0,333333333;0,842359055;0,8168525;0,776349614;0,465691095;0,254252199;0,863374604;0,787697957
0,75;1;0,75;0;0,5;1;0,333333333;0,854932358;0,843128044;0,762210797;0,370092007;0,24398827;0,904117478;0,816157907
0,75;1;0,75;0;0,666666667;1;0,666666667;0,808510712;0,779322294;0,833333676;0,280652974;0,179178886;0,805067665;0,711843011
0,75;1;0,75;0;0,833333333;1;0,333333333;0,81624688;0,781552059;0,757069409;0,338243379;0,306451613;0,929887705;0,861142988
0,75;1;0,75;0;1;0;0,666666667;0,76499042;0,7267498;0,821765553;0,553939893;0,45659824;0,636193493;0,685792977
0,75;1;0,75;0;0;0;0,333333333;0,707930094;0,688462069;0,562982005;0,442388903;0,753665689;0,814425569;0,944112922
0,75;1;0,75;0;0,166666667;1;0,333333333;0,676981943;0,672680094;0,517994859;0,509816479;0,327859238;0,922401382;0,863552903
0,75;1;0,75;0;0,333333333;1;0,333333333;0,670212507;0,659168316;0,53470437;0,181400811;0,313782991;0,96415203;0,891324306
0,75;1;0,75;0;0,5;1;0,333333333;0,695357952;0,677937581;0,593401542;0,259814016;0,307917889;0,981860063;0,903144365
0,75;1;0,75;0;0,666666667;1;0,333333333;0,710831446;0,689214838;0,655098201;0,163008535;0,309090909;0,971782321;0,895570347
0,75;1;0,75;0;0,833333333;1;0,333333333;0,735009;0,706488079;0,69151671;0,204671079;0,404398827;0,954506191;0,919095708
0,75;1;0,75;0;1;0;0,333333333;0,705995472;0,696717549;0,515852956;0,487761669;0,926686217;0,79959689;1
0,75;1;0,75;0;0;0;0,333333333;0,67311386;0,669672587;0,586118252;0,17771404;0,635190616;0,743881371;0,841519394
0,75;1;0,75;0;0,166666667;1;0,666666667;0,67408059;0,65769132;0,75535527;0,299020815;0,299706745;0,841779441;0,788271747
0,75;1;0,75;0;0,333333333;1;0,666666667;0,723403589;0,671982029;0,897172237;0,7046563;0,108797654;0,532968615;0,467408768
0,75;1;0,75;0;0,5;1;0,333333333;0,641198978;0,642652599;0,551842674;0,424021062;0,231085044;0,979412612;0,871126922
0,75;1;0,75;0;0,666666667;1;0,333333333;0,634429542;0,632886825;0,635817995;0,232858356;0,275366569;0,976245321;0,885930686
0,75;1;0,75;0;0,833333333;1;0,333333333;0,695357952;0,680192319;0,687660668;0,303921665;0,366568915;0,995824935;0,93722745
0,75;1;0,75;0;1;0;0,333333333;0,754351739;0,725997032;0,664953213;0,558824978;0,736656891;0,84696228;0,963392242
1;1;0,75;0;0;0;0,333333333;0,614120072;0,617119121;0,480291003;0,439949317;0,719648094;0,785056147;0,907390406
1;1;0,75;0;0,166666667;1;0,333333333;0,596711955;0,59759233;0,506855527;0,280619474;0,293548387;0,926432479;0,853339454
1;1;0,75;0;0,333333333;1;0,333333333;0,638297625;0,647141858;0,586118252;0,465691095;0,247800587;0,963576159;0,865044756
1;1;0,75;0;0,5;1;0,333333333;0,736943622;0,709496775;0,648671465;0,481611467;0,230791789;1;0,887422538
1;1;0,75;0;0,666666667;1;0,666666667;0,754351739;0,723008553;0,710368123;0,264732601;0,220234604;0,956233804;0,848404866
1;1;0,75;0;0,833333333;1;0,666666667;0,718568774;0,696712792;0,709511568;0,323529006;0,306451613;0,917074575;0,850929539
1;1;0,75;0;1;0;0,333333333;0,629593567;0,630632088;0,558269409;0,448513488;0,759237537;0,858911604;0,9817535
1;1;0,75;0;0;0;0,333333333;0,611218719;0,615608827;0,599828278;0,265946483;0,590909091;0,701698819;0,790566904
1;1;0,833333333;0;0,166666667;1;0,666666667;0,604448122;0,608874344;0,667523907;0,178937578;0,223753666;0,865966024;0,777828781
1;1;0,833333333;0;0,333333333;1;1;0,685686002;0,644946581;0,896315681;0,205877079;0,092375367;0,622516556;0,532361717
1;1;0,833333333;0;0,5;1;0,666666667;0,763055798;0,712493578;0,816195373;0,13113429;0,213489736;0,985315289;0,868946523
1;1;0,833333333;0;0,666666667;1;0,666666667;0,763055798;0,723008553;0,743359383;0,231634622;0,261290323;0,926720415;0,840945605
1;1;0,833333333;0;0,833333333;1;0,333333333;0,713732799;0,689962849;0,645244216;0,209571929;0,44457478;0,955945868;0,935965114
1;1;0,833333333;0;1;0;0,333333333;0,6431336;0,640413321;0,682948072;0,528166586;0,888856305;0,710336885;0,914046362
1;1;0,833333333;0;0;0;0,666666667;0,482591303;0,499244853;0,728362982;0,278172005;0,229032258;0,392887993;0,402800092
1;1;0,833333333;1;0,166666667;0;0,666666667;0,444873716;0,460946419;0,729648329;0,373778975;0,256304985;0,662827527;0,628643562
1;1;0,833333333;0;0,333333333;1;0,666666667;0,518375428;0,521006165;0,783205141;0,37500271;0,176246334;0,833717247;0,733532247
1;1;0,833333333;0;0,5;1;0,333333333;0,596711955;0,598340342;0,648671465;0,370117624;0,228739003;0,994961129;0,882602708
1;1;0,833333333;0;0,666666667;1;0,333333333;0,504835395;0,512747117;0,476434961;0,35785072;0,24457478;0,969766772;0,868717007
1;1;0,833333333;0;0,833333333;1;0,333333333;0,507736747;0,515011369;0,554413368;0,463269243;0,31085044;0,895767348;0,835666743
1;1;0,833333333;0;1;0;0,333333333;0,456479127;0,465451138;0,508568638;0,287985528;0,660410557;0,699251368;0,815813633
1;1;0,833333333;0;0;0;0,333333333;0,605416013;0,604360111;0,658526478;0,54902919;0,609970674;0,656348978;0,761877439
1;1;0,833333333;0;0,166666667;1;0,666666667;0,651837659;0,641161333;0,727506427;0,583366669;0,2228739;0,736395048;0,674202433
1;1;0,833333333;0;0,333333333;1;0,333333333;0,543519712;0,548041613;0,574121337;0,359082337;0,270381232;0,951914771;0,864585724
1;1;0,833333333;0;0,5;1;0,333333333;0,529012948;0,5352719;0,712511054;0,199760377;0,287096774;0,933198963;0,8562084
1;1;0,833333333;0;0,666666667;1;0,666666667;0,606382744;0,609617598;0,748928535;0,466904976;0,295601173;0,935934351;0,861716778
1;1;0,833333333;0;0,833333333;1;0,666666667;0,65377112;0,639670066;0,838046272;0,2659386;0,220821114;0,672473366;0,622446638
1;1;0,833333333;0;1;0;0,333333333;0,561895721;0,562307348;0,589117738;0,231616886;0,8228739;0,760725597;0,928391095
1;1;0,833333333;0;0;0;0,333333333;0,538684898;0,542788882;0,524421594;0,327223857;0,625219941;0,675496689;0,783107643
1;1;0,833333333;0;0,166666667;1;0,333333333;0,565763804;0,574318346;0,584404113;0,160569933;0,24340176;0,896631155;0,809960982
1;1;0,833333333;0;0,333333333;1;0,333333333;0,631528189;0,630641601;0,659811825;0,186310726;0,246627566;0,953786352;0,85678219
1;1;0,833333333;0;0,5;1;0,333333333;0,681817918;0,664435317;0,654241645;0,143417747;0,23313783;0,993089548;0,882832224
1;1;0,833333333;0;0,666666667;1;0,666666667;0,638297625;0,629909049;0,8230509;0,24509176;0,25659824;0,933486899;0,844503098
1;1;0,833333333;0;0,833333333;1;0,666666667;0,63346165;0,621658326;0,829905398;0,261037751;0,346627566;0,901526058;0,854257517
1;1;0,833333333;0;1;0;0,666666667;0,615086803;0,612600131;0,740359897;0,464451595;0,775073314;0,749928016;0,901078724
1;1;0,833333333;0;0;0;0,666666667;0,554158393;0,556276876;0,714224165;0,784309398;0,292668622;0,498272387;0,511705302
1;1;0,833333333;0;0,166666667;1;1;0,5106381;0,522537864;0,904884319;0,70586427;0,00058651;0,002879355;0,002524673
1;1;0,833333333;0;0,333333333;1;0,666666667;0,3692633;0,36854617;0,848796915;0,41975277;0,025513196;0,145263461;0,125774616
1;1;0,833333333;0;0,5;1;0,666666667;0,414893457;0,429422901;0,685518766;0,328431827;0,1228739;0,741002016;0,638742254
1;1;0,916666667;0;0,666666667;1;0,666666667;0,424564246;0,439937876;0,598115167;0,310063985;0,136656891;0,794701987;0,686940555
1;1;0,916666667;0;0,833333333;1;0,333333333;0,411992104;0,423407889;0,536846272;0,524521;0,181231672;0,752807371;0,670989213
1;1;0,916666667;0;1;0;0,666666667;0,39845207;0,385120158;0,505141388;0,533100935;0,301759531;0,59156349;0,589625889
1;1;0,916666667;0;0;0;0,333333333;0,3781426;0,391889128;0,547986632;0,3529479;0,352199413;0,562338036;0,586068396
1;1;0,916666667;0;0,166666667;1;0,333333333;0,370406433;0,366365163;0,508140874;0,465698977;0,11085044;0,702706594;0,603511591
1;1;0,916666667;0;0,333333333;1;0,333333333;0,325918249;0,334841645;0,583118766;0,341922465;0,136656891;0,751511661;0,652513197
1;1;0,916666667;0;0,5;1;0,666666667;0,343326366;0,326581408;0,562982005;0,599271277;0,095601173;0,677944141;0,57780583
1;1;0,916666667;0;0,666666667;1;0,333333333;0,408712414;0,406579411;0,342907969;0,685439135;0,099706745;0,716239562;0,609938031
1;1;0,916666667;0;0,833333333;1;0,333333333;0,419729431;0,422659877;0,556126478;0,422805209;0,207917889;0,76058163;0,687629103
1;1;0,916666667;0;1;0;0,333333333;0,451644313;0,468472915;0,663667866;0,113990183;0,612903226;0,640080622;0,750057379
1;1;0,916666667;0;0;0;0,333333333;0,488394008;0,501504348;0,677806684;0,251249845;0,671554252;0,656780881;0,786320863
1;1;0,916666667;1;0,166666667;0;0,333333333;0,562862452;0,565329125;0,762639589;0,341930348;0,32170088;0,744601209;0,71941703
1;1;0,916666667;0;0,333333333;1;0,666666667;0,39845207;0,38438166;0,681662725;0,674031407;0,095894428;0,542326519;0,469818683
1;1;0,916666667;0;0,5;1;0,333333333;0,335590199;0,334836888;0,567694602;0,393378434;0,109384164;0,737402822;0,630594446
1;1;0,916666667;0;0,666666667;1;0,666666667;0,373307786;0,385888386;0,637960925;0,301474196;0,093841642;0,737834725;0,624856553
1;1;0,916666667;0;0,833333333;1;0,333333333;0,400386692;0,412897671;0,539416967;0,337019645;0,141935484;0,750647855;0,653890291
1;1;0,916666667;0;1;0;0,333333333;0,37717587;0,388137177;0,560840103;0,354171634;0,385043988;0,621364814;0,645971999
1;1;0,916666667;0;0;0;0,333333333;0,397485339;0,401650145;0,712511054;0,448529252;0,270381232;0,539447164;0,535804453
1;1;0,916666667;0;0,166666667;1;0,666666667;0,441972363;0,446691386;0,640959383;0,463219979;0,131671554;0,727037144;0,631053477
1;1;0,916666667;0;0,333333333;1;0,666666667;0,434236196;0,452692128;0,70437018;0,163016811;0,15659824;0,734235531;0,646545788
1;1;0,916666667;0;0,5;1;0,333333333;0,410057482;0,433932377;0,631105398;0,203455227;0,180351906;0,652317881;0,590543952
1;1;0,916666667;1;0,666666667;0;0,333333333;0,394583987;0,416663892;0,59682982;0,104186512;0,280058651;0,211632594;0,278287813
1;1;0,916666667;0;0,833333333;1;0,333333333;0,427465599;0,450446904;0,584832905;0,291688261;0,470087977;0,332133602;0,448703236
1;1;0,916666667;0;1;0;0,333333333;0,323016896;0,295805902;0,41602365;0,7426571;0,15601173;0,251223726;0,261303649
1;1;0,916666667;0;0;0;0,333333333;0,285299309;0,306319688;0,48157635;0,296573346;0,090615836;0,304491794;0,278173055
1;1;0,916666667;0;0,166666667;1;0,333333333;0,363635836;0,403146168;0,550557326;0,091927884;0,098826979;0,683846818;0,583773238
1;1;0,916666667;0;0,333333333;1;0,666666667;0,338491552;0,334830942;0,808912082;0,468136593;0,036070381;0,552260294;0,454326371
1;1;0,916666667;0;0,5;1;0,333333333;0,344294258;0,344587202;0,520565553;0,415441126;0,058064516;0,728764757;0,603626348
1;1;0,916666667;0;0,666666667;1;0,333333333;0,325961189;0,354885741;0,571364524;0,227646154;0,071260997;0,731356176;0,610856094
1;1;0,916666667;0;0,833333333;1;0,333333333;0,346227719;0,385145131;0,667951671;0,115221799;0,106158358;0,763892888;0,650447556
1;1;1;0;1;0;0,666666667;0,346227719;0,376864678;0,829477635;0,117652321;0,27888563;0,610423265;0,595708056
1;1;1;0;0;0;0,666666667;0,403288045;0,42717292;0,84661491;0,245099643;0,261583578;0,540886841;0,533509295
1;1;1;0;0,166666667;1;0,333333333;0,525144865;0,542036114;0,789203085;0,163008535;0,162756598;0,817592859;0,715400505
1;1;1;0;0,333333333;1;0,333333333;0,552223771;0,55780263;0,754498715;0,343136347;0,161583578;0,871724734;0,758090429
1;1;1;0;0,5;1;0,333333333;0,508703478;0,508995167;0,498714653;0,638511576;0,097067449;0,777137921;0,657447785
1;1;1;0;0,666666667;1;0,333333333;0,296904721;0,307058186;0,523136247;0,344367964;0,099706745;0,724877627;0,616823502
1;1;1;0;0,833333333;1;0,666666667;0,372339895;0,382874933;0,785775835;0,257358665;0,102346041;0,670745753;0,574707367
1;1;1;0;1;0;0,666666667;0,442940254;0,463205914;0,937017995;0,199776141;0,338123167;0,63763317;0,64057838
1;1;1;0;0;0;0,666666667;0,445841607;0,463964628;0,931020051;0,311303484;0,129325513;0,401238123;0,370438375
1;1;1;0;0,166666667;1;0,666666667;0,505802125;0,517989145;0,951156812;0,375018474;0,096480938;0,696947884;0,593298141
1;1;1;0;0,333333333;1;0,666666667;0,410057482;0,402383886;0,613539332;0,583366669;0,082697947;0,751367694;0,631282993
1;1;1;0;0,5;1;0,666666667;0,345260988;0,35359664;0,553555784;0,321081537;0,090909091;0,721134466;0,610397062
1;1;1;0;0,666666667;1;0,333333333;0,343326366;0,349850636;0,499571208;0,343136347;0,124633431;0,735243305;0,634840487
1;1;1;0;0,833333333;1;0,333333333;0,32688614;0,349855392;0,661097172;0,258598164;0,125806452;0,746040887;0,643906358
1;1;1;0;1;0;0,333333333;0,376209139;0,40240767;0,668809254;0,209571929;0,224926686;0,616181975;0,579182924
1;1;1;0;0;0;0,666666667;0,420696162;0,439933119;0,862467866;0,198520877;0,157771261;0,467607256;0,434473261
1;1;1;0;0,166666667;1;0,666666667;0,456479127;0,477466892;0,932733162;0,19362653;0,062170088;0,629570976;0,526164792
1;1;1;0;0,333333333;1;0,333333333;0,476788597;0,487227909;0,685089974;0,436295848;0,126979472;0,737690757;0,637709433
1;1;1;0;0,5;1;0,333333333;0,385879928;0,406901686;0,643102314;0,362769305;0,097653959;0,710336885;0,604429653
1;1;1;0;0,666666667;1;0,666666667;0,382978575;0,398642638;0,686804113;0,261029868;0,092082111;0,549093003;0,47372045
0,25;1;1;0;0,833333333;1;0,666666667;0,379110492;0,358863641;0,572408226;0,73775428;0,064809384;0,48977829;0,41576773
0,25;1;1;0;1;0;0,333333333;0,308510132;0,280787398;0,453727506;0,80271074;0,060117302;0,222286208;0,200711499
0,25;1;1;0;0;0;0,333333333;0,285299309;0,308564912;0,529991774;0,262251632;0,119648094;0,198531529;0,205072297
0,25;1;1;0;0,166666667;1;0,666666667;0,268437807;0,307885874;0,813680206;0,152189224;0,051026393;0,107399942;0,105577232
0,25;1;1;1;0,333333333;0;0,666666667;0,338070275;0,350180046;0,755560925;0,332489265;0,129032258;0,082493521;0,116249713
0,25;1;1;0;0,5;1;1;0,282397957;0,262021701;0,84661491;0,623781438;0,002639296;0,062194069;0,050608217
0,25;1;1;0;0,666666667;1;0,666666667;0,294971259;0,269524412;0,671379949;0,689967544;0,072434018;0,268787792;0,242598118
0,25;1;1;0;0,833333333;1;0,666666667;0,294003368;0,303302668;0,606683805;0,306369134;0,188856305;0,352864958;0,35517558
0,25;1;1;0;1;0;0,666666667;0,294003368;0,288263947;0,774207712;0,245107525;0,046627566;0,170169882;0,153890291
0,25;1;1;0;0;0;0,333333333;0,296904721;0,275539425;0,497000514;0,691191279;0,106744868;0,20616182;0,206105118
0,25;1;1;0;0,166666667;1;0,666666667;0,250483075;0,265772462;0,593830334;0,305137517;0,128739003;0,32968615;0,313174202